state,year,month,new_cases,new_deaths,year-month,case_id
AK,2020,Apr,225,7,2020-04,0
AK,2020,Aug,1988,13,2020-08,1
AK,2020,Dec,14012,97,2020-12,2
AK,2020,Feb,0,0,2020-02,3
AK,2020,Jan,0,0,2020-01,4
AK,2020,Jul,2467,12,2020-07,5
AK,2020,Jun,502,3,2020-06,6
AK,2020,Mar,149,3,2020-03,7
AK,2020,May,144,0,2020-05,8
AK,2020,Nov,16550,37,2020-11,9
AK,2020,Oct,9240,31,2020-10,10
AK,2020,Sep,2551,17,2020-09,11
AK,2021,Apr,5240,34,2021-04,12
AK,2021,Aug,12121,55,2021-08,13
AK,2021,Dec,11378,98,2021-12,14
AK,2021,Feb,3557,22,2021-02,15
AK,2021,Jan,5477,59,2021-01,16
AK,2021,Jul,5522,16,2021-07,17
AK,2021,Jun,834,8,2021-06,18
AK,2021,Mar,3954,10,2021-03,19
AK,2021,May,1545,21,2021-05,20
AK,2021,Nov,10375,144,2021-11,21
AK,2021,Oct,20466,152,2021-10,22
AK,2021,Sep,29589,136,2021-09,23
AK,2022,Apr,5592,24,2022-04,24
AK,2022,Aug,6214,29,2022-08,25
AK,2022,Dec,1933,19,2022-12,26
AK,2022,Feb,16850,98,2022-02,27
AK,2022,Jan,58162,114,2022-01,28
AK,2022,Jul,9101,5,2022-07,29
AK,2022,Jun,10930,0,2022-06,30
AK,2022,Mar,8092,37,2022-03,31
AK,2022,May,7061,22,2022-05,32
AK,2022,Nov,1417,23,2022-11,33
AK,2022,Oct,1596,20,2022-10,34
AK,2022,Sep,3660,52,2022-09,35
AK,2023,Apr,1187,0,2023-04,36
AK,2023,Feb,2701,13,2023-02,37
AK,2023,Jan,2566,18,2023-01,38
AK,2023,Mar,2441,19,2023-03,39
AK,2023,May,199,0,2023-05,40
AL,2020,Apr,7594,315,2020-04,41
AL,2020,Aug,32917,517,2020-08,42
AL,2020,Dec,127357,1279,2020-12,43
AL,2020,Feb,0,0,2020-02,44
AL,2020,Jan,0,0,2020-01,45
AL,2020,Jul,55676,720,2020-07,46
AL,2020,Jun,20693,324,2020-06,47
AL,2020,Mar,1175,26,2020-03,48
AL,2020,May,10185,309,2020-05,49
AL,2020,Nov,57901,705,2020-11,50
AL,2020,Oct,44155,473,2020-10,51
AL,2020,Sep,26532,319,2020-09,52
AL,2021,Apr,14106,381,2021-04,53
AL,2021,Aug,108604,732,2021-08,54
AL,2021,Dec,85944,362,2021-12,55
AL,2021,Feb,32083,1825,2021-02,56
AL,2021,Jan,80876,3214,2021-01,57
AL,2021,Jul,44837,210,2021-07,58
AL,2021,Jun,6391,189,2021-06,59
AL,2021,Mar,18209,521,2021-03,60
AL,2021,May,15129,233,2021-05,61
AL,2021,Nov,12825,472,2021-11,62
AL,2021,Oct,29230,1056,2021-10,63
AL,2021,Sep,99831,2320,2021-09,64
AL,2022,Apr,5518,220,2022-04,65
AL,2022,Aug,55194,157,2022-08,66
AL,2022,Dec,37939,124,2022-12,67
AL,2022,Feb,52306,1119,2022-02,68
AL,2022,Jan,297050,713,2022-01,69
AL,2022,Jul,56841,125,2022-07,70
AL,2022,Jun,51636,102,2022-06,71
AL,2022,Mar,14680,1036,2022-03,72
AL,2022,May,14130,74,2022-05,73
AL,2022,Nov,14998,94,2022-11,74
AL,2022,Oct,12152,136,2022-10,75
AL,2022,Sep,42530,374,2022-09,76
AL,2023,Apr,6170,6,2023-04,77
AL,2023,Feb,24212,119,2023-02,78
AL,2023,Jan,30626,106,2023-01,79
AL,2023,Mar,10407,130,2023-03,80
AL,2023,May,1297,1,2023-05,81
AR,2020,Apr,3407,98,2020-04,82
AR,2020,Aug,17366,340,2020-08,83
AR,2020,Dec,80131,1380,2020-12,84
AR,2020,Feb,7,0,2020-02,85
AR,2020,Jan,1,0,2020-01,86
AR,2020,Jul,23215,455,2020-07,87
AR,2020,Jun,13065,234,2020-06,88
AR,2020,Mar,731,31,2020-03,89
AR,2020,May,4566,113,2020-05,90
AR,2020,Nov,46497,963,2020-11,91
AR,2020,Oct,32024,798,2020-10,92
AR,2020,Sep,20937,559,2020-09,93
AR,2021,Apr,6337,94,2021-04,94
AR,2021,Aug,61919,799,2021-08,95
AR,2021,Dec,57863,678,2021-12,96
AR,2021,Feb,24378,206,2021-02,97
AR,2021,Jan,57638,658,2021-01,98
AR,2021,Jul,45412,777,2021-07,99
AR,2021,Jun,7722,138,2021-06,100
AR,2021,Mar,6954,138,2021-03,101
AR,2021,May,4916,76,2021-05,102
AR,2021,Nov,15317,290,2021-11,103
AR,2021,Oct,14832,313,2021-10,104
AR,2021,Sep,44543,500,2021-09,105
AR,2022,Apr,3909,88,2022-04,106
AR,2022,Aug,24596,185,2022-08,107
AR,2022,Dec,17164,134,2022-12,108
AR,2022,Feb,29040,319,2022-02,109
AR,2022,Jan,189809,1036,2022-01,110
AR,2022,Jul,34126,139,2022-07,111
AR,2022,Jun,27056,108,2022-06,112
AR,2022,Mar,10840,297,2022-03,113
AR,2022,May,7775,107,2022-05,114
AR,2022,Nov,7748,57,2022-11,115
AR,2022,Oct,7256,269,2022-10,116
AR,2022,Sep,19372,317,2022-09,117
AR,2023,Apr,3376,41,2023-04,118
AR,2023,Feb,7833,81,2023-02,119
AR,2023,Jan,9331,155,2023-01,120
AR,2023,Mar,5377,144,2023-03,121
AR,2023,May,657,0,2023-05,122
AS,2020,Apr,0,0,2020-04,123
AS,2020,Aug,0,0,2020-08,124
AS,2020,Dec,0,0,2020-12,125
AS,2020,Feb,0,0,2020-02,126
AS,2020,Jan,0,0,2020-01,127
AS,2020,Jul,0,0,2020-07,128
AS,2020,Jun,0,0,2020-06,129
AS,2020,Mar,0,0,2020-03,130
AS,2020,May,0,0,2020-05,131
AS,2020,Nov,0,0,2020-11,132
AS,2020,Oct,0,0,2020-10,133
AS,2020,Sep,0,0,2020-09,134
AS,2021,Apr,0,0,2021-04,135
AS,2021,Aug,0,0,2021-08,136
AS,2021,Dec,1,0,2021-12,137
AS,2021,Feb,0,0,2021-02,138
AS,2021,Jan,0,0,2021-01,139
AS,2021,Jul,0,0,2021-07,140
AS,2021,Jun,0,0,2021-06,141
AS,2021,Mar,0,0,2021-03,142
AS,2021,May,0,0,2021-05,143
AS,2021,Nov,6,0,2021-11,144
AS,2021,Oct,1,0,2021-10,145
AS,2021,Sep,3,0,2021-09,146
AS,2022,Apr,855,19,2022-04,147
AS,2022,Aug,216,1,2022-08,148
AS,2022,Dec,3,0,2022-12,149
AS,2022,Feb,124,0,2022-02,150
AS,2022,Jan,11,0,2022-01,151
AS,2022,Jul,1447,2,2022-07,152
AS,2022,Jun,313,0,2022-06,153
AS,2022,Mar,4872,8,2022-03,154
AS,2022,May,319,4,2022-05,155
AS,2022,Nov,6,0,2022-11,156
AS,2022,Oct,7,0,2022-10,157
AS,2022,Sep,82,0,2022-09,158
AS,2023,Apr,3,0,2023-04,159
AS,2023,Feb,0,0,2023-02,160
AS,2023,Jan,54,0,2023-01,161
AS,2023,Mar,6,0,2023-03,162
AS,2023,May,2,0,2023-05,163
AZ,2020,Apr,8294,394,2020-04,164
AZ,2020,Aug,20651,1136,2020-08,165
AZ,2020,Dec,233701,2705,2020-12,166
AZ,2020,Feb,0,0,2020-02,167
AZ,2020,Jan,1,0,2020-01,168
AZ,2020,Jul,98095,2207,2020-07,169
AZ,2020,Jun,61761,741,2020-06,170
AZ,2020,Mar,1412,32,2020-03,171
AZ,2020,May,12647,557,2020-05,172
AZ,2020,Nov,90346,680,2020-11,173
AZ,2020,Oct,32125,406,2020-10,174
AZ,2020,Sep,15647,586,2020-09,175
AZ,2021,Apr,24201,403,2021-04,176
AZ,2021,Aug,81016,563,2021-08,177
AZ,2021,Dec,146619,2220,2021-12,178
AZ,2021,Feb,52437,2515,2021-02,179
AZ,2021,Jan,192699,4132,2021-01,180
AZ,2021,Jul,40775,354,2021-07,181
AZ,2021,Jun,12692,294,2021-06,182
AZ,2021,Mar,21991,863,2021-03,183
AZ,2021,May,16172,285,2021-05,184
AZ,2021,Nov,97423,1077,2021-11,185
AZ,2021,Oct,66690,1055,2021-10,186
AZ,2021,Sep,92167,1365,2021-09,187
AZ,2022,Apr,11427,508,2022-04,188
AZ,2022,Aug,42874,272,2022-08,189
AZ,2022,Dec,46974,560,2022-12,190
AZ,2022,Feb,90349,1338,2022-02,191
AZ,2022,Jan,466979,1799,2022-01,192
AZ,2022,Jul,65698,270,2022-07,193
AZ,2022,Jun,83096,240,2022-06,194
AZ,2022,Mar,37118,1974,2022-03,195
AZ,2022,May,37234,143,2022-05,196
AZ,2022,Nov,44532,178,2022-11,197
AZ,2022,Oct,17780,168,2022-10,198
AZ,2022,Sep,20898,291,2022-09,199
AZ,2023,Apr,14295,159,2023-04,200
AZ,2023,Feb,15857,194,2023-02,201
AZ,2023,Jan,16766,571,2023-01,202
AZ,2023,Mar,16957,182,2023-03,203
AZ,2023,May,2608,34,2023-05,204
CA,2020,Apr,50775,2155,2020-04,205
CA,2020,Aug,189852,3434,2020-08,206
CA,2020,Dec,1305238,7855,2020-12,207
CA,2020,Feb,72,1,2020-02,208
CA,2020,Jan,8,0,2020-01,209
CA,2020,Jul,294275,3541,2020-07,210
CA,2020,Jun,115279,1747,2020-06,211
CA,2020,Mar,8089,171,2020-03,212
CA,2020,May,59009,1904,2020-05,213
CA,2020,Nov,324060,1596,2020-11,214
CA,2020,Oct,134738,2118,2020-10,215
CA,2020,Sep,100828,2701,2020-09,216
CA,2021,Apr,85039,2772,2021-04,217
CA,2021,Aug,382356,1702,2021-08,218
CA,2021,Dec,765327,2231,2021-12,219
CA,2021,Feb,214604,11342,2021-02,220
CA,2021,Jan,834310,13759,2021-01,221
CA,2021,Jul,195115,1044,2021-07,222
CA,2021,Jun,28205,955,2021-06,223
CA,2021,Mar,89465,5499,2021-03,224
CA,2021,May,41381,1135,2021-05,225
CA,2021,Nov,147361,2221,2021-11,226
CA,2021,Oct,164656,2411,2021-10,227
CA,2021,Sep,302542,3759,2021-09,228
CA,2022,Apr,141856,1343,2022-04,229
CA,2022,Aug,326843,1172,2022-08,230
CA,2022,Dec,348964,1229,2022-12,231
CA,2022,Feb,451347,5323,2022-02,232
CA,2022,Jan,2684208,3545,2022-01,233
CA,2022,Jul,536361,1098,2022-07,234
CA,2022,Jun,609988,1066,2022-06,235
CA,2022,Mar,137009,3427,2022-03,236
CA,2022,May,355498,1028,2022-05,237
CA,2022,Nov,145572,615,2022-11,238
CA,2022,Oct,91542,782,2022-10,239
CA,2022,Sep,208643,1346,2022-09,240
CA,2023,Apr,48115,467,2023-04,241
CA,2023,Feb,105651,1022,2023-02,242
CA,2023,Jan,125864,1370,2023-01,243
CA,2023,Mar,92589,891,2023-03,244
CA,2023,May,9186,109,2023-05,245
CO,2020,Apr,14943,1040,2020-04,246
CO,2020,Aug,8848,100,2020-08,247
CO,2020,Dec,101003,1838,2020-12,248
CO,2020,Feb,1,0,2020-02,249
CO,2020,Jan,0,0,2020-01,250
CO,2020,Jul,16680,136,2020-07,251
CO,2020,Jun,6187,150,2020-06,252
CO,2020,Mar,3743,86,2020-03,253
CO,2020,May,9085,398,2020-05,254
CO,2020,Nov,136484,1060,2020-11,255
CO,2020,Oct,53015,275,2020-10,256
CO,2020,Sep,13579,92,2020-09,257
CO,2021,Apr,55334,214,2021-04,258
CO,2021,Aug,40903,236,2021-08,259
CO,2021,Dec,188648,1078,2021-12,260
CO,2021,Feb,30784,262,2021-02,261
CO,2021,Jan,48096,585,2021-01,262
CO,2021,Jul,21075,179,2021-07,263
CO,2021,Jun,10294,174,2021-06,264
CO,2021,Mar,29855,131,2021-03,265
CO,2021,May,23535,255,2021-05,266
CO,2021,Nov,85661,1043,2021-11,267
CO,2021,Oct,71376,685,2021-10,268
CO,2021,Sep,67533,560,2021-09,269
CO,2022,Apr,19562,49,2022-04,270
CO,2022,Aug,27236,132,2022-08,271
CO,2022,Dec,26318,237,2022-12,272
CO,2022,Feb,40732,668,2022-02,273
CO,2022,Jan,335494,1049,2022-01,274
CO,2022,Jul,46855,181,2022-07,275
CO,2022,Jun,75578,261,2022-06,276
CO,2022,Mar,13553,173,2022-03,277
CO,2022,May,46020,88,2022-05,278
CO,2022,Nov,30698,192,2022-11,279
CO,2022,Oct,19258,110,2022-10,280
CO,2022,Sep,22595,169,2022-09,281
CO,2023,Apr,6479,81,2023-04,282
CO,2023,Feb,12573,69,2023-02,283
CO,2023,Jan,10643,144,2023-01,284
CO,2023,Mar,12208,191,2023-03,285
CO,2023,May,1199,14,2023-05,286
CT,2020,Apr,27816,2633,2020-04,287
CT,2020,Aug,2883,31,2020-08,288
CT,2020,Dec,78028,1139,2020-12,289
CT,2020,Feb,0,0,2020-02,290
CT,2020,Jan,0,0,2020-01,291
CT,2020,Jul,3652,110,2020-07,292
CT,2020,Jun,2719,336,2020-06,293
CT,2020,Mar,4422,85,2020-03,294
CT,2020,May,11616,1272,2020-05,295
CT,2020,Nov,46053,446,2020-11,296
CT,2020,Oct,17823,137,2020-10,297
CT,2020,Sep,4442,41,2020-09,298
CT,2021,Apr,33103,234,2021-04,299
CT,2021,Aug,17083,66,2021-08,300
CT,2021,Dec,132027,372,2021-12,301
CT,2021,Feb,24404,521,2021-02,302
CT,2021,Jan,57550,927,2021-01,303
CT,2021,Jul,7348,16,2021-07,304
CT,2021,Jun,1675,31,2021-06,305
CT,2021,Mar,27878,212,2021-03,306
CT,2021,May,5289,121,2021-05,307
CT,2021,Nov,18567,133,2021-11,308
CT,2021,Oct,11267,109,2021-10,309
CT,2021,Sep,19167,309,2021-09,310
CT,2022,Apr,20862,63,2022-04,311
CT,2022,Aug,18765,139,2022-08,312
CT,2022,Dec,25473,216,2022-12,313
CT,2022,Feb,20032,429,2022-02,314
CT,2022,Jan,155581,802,2022-01,315
CT,2022,Jul,21615,79,2022-07,316
CT,2022,Jun,26791,78,2022-06,317
CT,2022,Mar,11862,283,2022-03,318
CT,2022,May,45697,115,2022-05,319
CT,2022,Nov,12061,109,2022-11,320
CT,2022,Oct,15355,93,2022-10,321
CT,2022,Sep,21903,116,2022-09,322
CT,2023,Apr,2068,42,2023-04,323
CT,2023,Feb,8434,216,2023-02,324
CT,2023,Jan,15935,160,2023-01,325
CT,2023,Mar,4701,113,2023-03,326
CT,2023,May,388,3,2023-05,327
DC,2020,Apr,4875,266,2020-04,328
DC,2020,Aug,1634,21,2020-08,329
DC,2020,Dec,8640,116,2020-12,330
DC,2020,Feb,0,0,2020-02,331
DC,2020,Jan,0,0,2020-01,332
DC,2020,Jul,2078,34,2020-07,333
DC,2020,Jun,1349,80,2020-06,334
DC,2020,Mar,586,11,2020-03,335
DC,2020,May,3555,196,2020-05,336
DC,2020,Nov,4241,43,2020-11,337
DC,2020,Oct,2275,20,2020-10,338
DC,2020,Sep,1249,19,2020-09,339
DC,2021,Apr,3528,45,2021-04,340
DC,2021,Aug,4712,12,2021-08,341
DC,2021,Dec,39772,26,2021-12,342
DC,2021,Feb,3619,97,2021-02,343
DC,2021,Jan,6717,120,2021-01,344
DC,2021,Jul,1503,8,2021-07,345
DC,2021,Jun,344,6,2021-06,346
DC,2021,Mar,3695,41,2021-03,347
DC,2021,May,970,26,2021-05,348
DC,2021,Nov,2445,3,2021-11,349
DC,2021,Oct,2624,13,2021-10,350
DC,2021,Sep,6408,19,2021-09,351
DC,2022,Apr,4340,8,2022-04,352
DC,2022,Aug,2974,17,2022-08,353
DC,2022,Dec,2951,4,2022-12,354
DC,2022,Feb,3585,31,2022-02,355
DC,2022,Jan,24274,68,2022-01,356
DC,2022,Jul,5889,13,2022-07,357
DC,2022,Jun,7000,8,2022-06,358
DC,2022,Mar,2925,11,2022-03,359
DC,2022,May,8360,3,2022-05,360
DC,2022,Nov,1567,5,2022-11,361
DC,2022,Oct,1399,0,2022-10,362
DC,2022,Sep,2476,11,2022-09,363
DC,2023,Apr,327,1,2023-04,364
DC,2023,Feb,1289,8,2023-02,365
DC,2023,Jan,1866,11,2023-01,366
DC,2023,Mar,788,3,2023-03,367
DC,2023,May,75,1,2023-05,368
DE,2020,Apr,5728,260,2020-04,369
DE,2020,Aug,2172,17,2020-08,370
DE,2020,Dec,25988,329,2020-12,371
DE,2020,Feb,4,0,2020-02,372
DE,2020,Jan,9,0,2020-01,373
DE,2020,Jul,3674,47,2020-07,374
DE,2020,Jun,2044,68,2020-06,375
DE,2020,Mar,454,13,2020-03,376
DE,2020,May,3682,234,2020-05,377
DE,2020,Nov,11703,97,2020-11,378
DE,2020,Oct,4964,97,2020-10,379
DE,2020,Sep,2895,31,2020-09,380
DE,2021,Apr,10042,87,2021-04,381
DE,2021,Aug,8563,56,2021-08,382
DE,2021,Dec,41761,204,2021-12,383
DE,2021,Feb,8565,145,2021-02,384
DE,2021,Jan,16472,304,2021-01,385
DE,2021,Jul,2190,19,2021-07,386
DE,2021,Jun,797,20,2021-06,387
DE,2021,Mar,6429,67,2021-03,388
DE,2021,May,2702,36,2021-05,389
DE,2021,Nov,9334,82,2021-11,390
DE,2021,Oct,8824,101,2021-10,391
DE,2021,Sep,15335,147,2021-09,392
DE,2022,Apr,5122,22,2022-04,393
DE,2022,Aug,7224,35,2022-08,394
DE,2022,Dec,6842,53,2022-12,395
DE,2022,Feb,6267,128,2022-02,396
DE,2022,Jan,55074,290,2022-01,397
DE,2022,Jul,9139,42,2022-07,398
DE,2022,Jun,9460,42,2022-06,399
DE,2022,Mar,2626,59,2022-03,400
DE,2022,May,13648,27,2022-05,401
DE,2022,Nov,3347,35,2022-11,402
DE,2022,Oct,3922,23,2022-10,403
DE,2022,Sep,6582,46,2022-09,404
DE,2023,Apr,548,7,2023-04,405
DE,2023,Feb,3218,36,2023-02,406
DE,2023,Jan,4609,56,2023-01,407
DE,2023,Mar,1702,32,2023-03,408
DE,2023,May,111,0,2023-05,409
FL,2020,Apr,30980,1449,2020-04,410
FL,2020,Aug,141717,3873,2020-08,411
FL,2020,Dec,358356,3538,2020-12,412
FL,2020,Feb,0,0,2020-02,413
FL,2020,Jan,0,0,2020-01,414
FL,2020,Jul,340647,4075,2020-07,415
FL,2020,Jun,67877,988,2020-06,416
FL,2020,Mar,2547,87,2020-03,417
FL,2020,May,19353,1028,2020-05,418
FL,2020,Nov,174902,1858,2020-11,419
FL,2020,Oct,103178,2607,2020-10,420
FL,2020,Sep,78067,2813,2020-09,421
FL,2021,Apr,198418,2067,2021-04,422
FL,2021,Aug,594181,4900,2021-08,423
FL,2021,Dec,484173,984,2021-12,424
FL,2021,Feb,195959,4241,2021-02,425
FL,2021,Jan,347733,4706,2021-01,426
FL,2021,Jul,270637,1307,2021-07,427
FL,2021,Jun,46085,847,2021-06,428
FL,2021,Mar,133586,2155,2021-03,429
FL,2021,May,88020,1440,2021-05,430
FL,2021,Nov,43579,1882,2021-11,431
FL,2021,Oct,74954,4316,2021-10,432
FL,2021,Sep,401647,11309,2021-09,433
FL,2022,Apr,74114,673,2022-04,434
FL,2022,Aug,208835,2021,2022-08,435
FL,2022,Dec,110218,921,2022-12,436
FL,2022,Feb,297433,4836,2022-02,437
FL,2022,Jan,1306817,2483,2022-01,438
FL,2022,Jul,295023,1690,2022-07,439
FL,2022,Jun,368420,1405,2022-06,440
FL,2022,Mar,51324,3480,2022-03,441
FL,2022,May,199274,513,2022-05,442
FL,2022,Nov,47904,738,2022-11,443
FL,2022,Oct,41532,944,2022-10,444
FL,2022,Sep,119764,1845,2022-09,445
FL,2023,Apr,30358,0,2023-04,446
FL,2023,Feb,65281,1068,2023-02,447
FL,2023,Jan,104296,1346,2023-01,448
FL,2023,Mar,48156,706,2023-03,449
FL,2023,May,6937,0,2023-05,450
FSM,2020,Apr,0,0,2020-04,451
FSM,2020,Aug,0,0,2020-08,452
FSM,2020,Dec,0,0,2020-12,453
FSM,2020,Feb,0,0,2020-02,454
FSM,2020,Jan,0,0,2020-01,455
FSM,2020,Jul,0,0,2020-07,456
FSM,2020,Jun,0,0,2020-06,457
FSM,2020,Mar,0,0,2020-03,458
FSM,2020,May,0,0,2020-05,459
FSM,2020,Nov,0,0,2020-11,460
FSM,2020,Oct,0,0,2020-10,461
FSM,2020,Sep,0,0,2020-09,462
FSM,2021,Apr,0,0,2021-04,463
FSM,2021,Aug,0,0,2021-08,464
FSM,2021,Dec,0,0,2021-12,465
FSM,2021,Feb,0,0,2021-02,466
FSM,2021,Jan,1,0,2021-01,467
FSM,2021,Jul,6,0,2021-07,468
FSM,2021,Jun,0,0,2021-06,469
FSM,2021,Mar,0,0,2021-03,470
FSM,2021,May,0,0,2021-05,471
FSM,2021,Nov,0,0,2021-11,472
FSM,2021,Oct,0,0,2021-10,473
FSM,2021,Sep,0,0,2021-09,474
FSM,2022,Apr,7,0,2022-04,475
FSM,2022,Aug,1341,15,2022-08,476
FSM,2022,Dec,34,0,2022-12,477
FSM,2022,Feb,0,0,2022-02,478
FSM,2022,Jan,0,0,2022-01,479
FSM,2022,Jul,6253,11,2022-07,480
FSM,2022,Jun,8,0,2022-06,481
FSM,2022,Mar,0,0,2022-03,482
FSM,2022,May,16,0,2022-05,483
FSM,2022,Nov,3,3,2022-11,484
FSM,2022,Oct,3175,9,2022-10,485
FSM,2022,Sep,11225,20,2022-09,486
FSM,2023,Apr,375,0,2023-04,487
FSM,2023,Feb,1272,3,2023-02,488
FSM,2023,Jan,607,0,2023-01,489
FSM,2023,Mar,1757,3,2023-03,490
FSM,2023,May,373,0,2023-05,491
GA,2020,Apr,26096,1184,2020-04,492
GA,2020,Aug,72884,1806,2020-08,493
GA,2020,Dec,231702,1600,2020-12,494
GA,2020,Feb,2,0,2020-02,495
GA,2020,Jan,0,0,2020-01,496
GA,2020,Jul,117473,1158,2020-07,497
GA,2020,Jun,35354,712,2020-06,498
GA,2020,Mar,4637,140,2020-03,499
GA,2020,May,18153,791,2020-05,500
GA,2020,Nov,86429,1027,2020-11,501
GA,2020,Oct,77678,1522,2020-10,502
GA,2020,Sep,43434,1225,2020-09,503
GA,2021,Apr,46224,1185,2021-04,504
GA,2021,Aug,213655,1136,2021-08,505
GA,2021,Dec,262836,955,2021-12,506
GA,2021,Feb,92139,3029,2021-02,507
GA,2021,Jan,208515,3422,2021-01,508
GA,2021,Jul,65059,325,2021-07,509
GA,2021,Jun,10159,550,2021-06,510
GA,2021,Mar,45055,1435,2021-03,511
GA,2021,May,18636,622,2021-05,512
GA,2021,Nov,27501,1255,2021-11,513
GA,2021,Oct,44925,2491,2021-10,514
GA,2021,Sep,180396,3950,2021-09,515
GA,2022,Apr,20117,742,2022-04,516
GA,2022,Aug,92030,582,2022-08,517
GA,2022,Dec,55472,450,2022-12,518
GA,2022,Feb,81395,2434,2022-02,519
GA,2022,Jan,457358,1642,2022-01,520
GA,2022,Jul,111023,485,2022-07,521
GA,2022,Jun,96498,448,2022-06,522
GA,2022,Mar,33573,1614,2022-03,523
GA,2022,May,49674,273,2022-05,524
GA,2022,Nov,18821,370,2022-11,525
GA,2022,Oct,15042,323,2022-10,526
GA,2022,Sep,39046,632,2022-09,527
GA,2023,Apr,7631,114,2023-04,528
GA,2023,Feb,22444,373,2023-02,529
GA,2023,Jan,36849,530,2023-01,530
GA,2023,Mar,13396,234,2023-03,531
GA,2023,May,1618,16,2023-05,532
GU,2020,Apr,72,2,2020-04,533
GU,2020,Aug,1097,8,2020-08,534
GU,2020,Dec,458,11,2020-12,535
GU,2020,Feb,0,0,2020-02,536
GU,2020,Jan,0,0,2020-01,537
GU,2020,Jul,130,0,2020-07,538
GU,2020,Jun,90,0,2020-06,539
GU,2020,Mar,77,3,2020-03,540
GU,2020,May,28,0,2020-05,541
GU,2020,Nov,2017,29,2020-11,542
GU,2020,Oct,2415,34,2020-10,543
GU,2020,Sep,994,36,2020-09,544
GU,2021,Apr,213,5,2021-04,545
GU,2021,Aug,2257,7,2021-08,546
GU,2021,Dec,1124,6,2021-12,547
GU,2021,Feb,127,2,2021-02,548
GU,2021,Jan,240,6,2021-01,549
GU,2021,Jul,286,3,2021-07,550
GU,2021,Jun,173,1,2021-06,551
GU,2021,Mar,62,3,2021-03,552
GU,2021,May,173,0,2021-05,553
GU,2021,Nov,720,18,2021-11,554
GU,2021,Oct,2580,38,2021-10,555
GU,2021,Sep,5018,60,2021-09,556
GU,2022,Apr,788,3,2022-04,557
GU,2022,Aug,2159,8,2022-08,558
GU,2022,Dec,757,2,2022-12,559
GU,2022,Feb,10631,35,2022-02,560
GU,2022,Jan,14259,24,2022-01,561
GU,2022,Jul,3178,11,2022-07,562
GU,2022,Jun,3382,7,2022-06,563
GU,2022,Mar,2273,21,2022-03,564
GU,2022,May,960,9,2022-05,565
GU,2022,Nov,480,6,2022-11,566
GU,2022,Oct,250,2,2022-10,567
GU,2022,Sep,619,11,2022-09,568
GU,2023,Apr,296,0,2023-04,569
GU,2023,Feb,191,0,2023-02,570
GU,2023,Jan,719,4,2023-01,571
GU,2023,Mar,186,0,2023-03,572
GU,2023,May,163,0,2023-05,573
HI,2020,Apr,350,9,2020-04,574
HI,2020,Aug,6354,153,2020-08,575
HI,2020,Dec,4304,54,2020-12,576
HI,2020,Feb,0,0,2020-02,577
HI,2020,Jan,0,0,2020-01,578
HI,2020,Jul,1709,25,2020-07,579
HI,2020,Jun,277,7,2020-06,580
HI,2020,Mar,257,5,2020-03,581
HI,2020,May,52,1,2020-05,582
HI,2020,Nov,2709,34,2020-11,583
HI,2020,Oct,3090,52,2020-10,584
HI,2020,Sep,3540,88,2020-09,585
HI,2021,Apr,3345,19,2021-04,586
HI,2021,Aug,20288,240,2021-08,587
HI,2021,Dec,40533,58,2021-12,588
HI,2021,Feb,1473,14,2021-02,589
HI,2021,Jan,3681,35,2021-01,590
HI,2021,Jul,6370,73,2021-07,591
HI,2021,Jun,1400,10,2021-06,592
HI,2021,Mar,2334,13,2021-03,593
HI,2021,May,1973,21,2021-05,594
HI,2021,Nov,2747,22,2021-11,595
HI,2021,Oct,3797,45,2021-10,596
HI,2021,Sep,16590,206,2021-09,597
HI,2022,Apr,11025,15,2022-04,598
HI,2022,Aug,10035,27,2022-08,599
HI,2022,Dec,5778,27,2022-12,600
HI,2022,Feb,13324,48,2022-02,601
HI,2022,Jan,96608,203,2022-01,602
HI,2022,Jul,16313,37,2022-07,603
HI,2022,Jun,30276,77,2022-06,604
HI,2022,Mar,4576,10,2022-03,605
HI,2022,May,30996,57,2022-05,606
HI,2022,Nov,4061,20,2022-11,607
HI,2022,Oct,4334,4,2022-10,608
HI,2022,Sep,5959,23,2022-09,609
HI,2023,Apr,3422,23,2023-04,610
HI,2023,Feb,2158,36,2023-02,611
HI,2023,Jan,3999,32,2023-01,612
HI,2023,Mar,3573,29,2023-03,613
HI,2023,May,654,4,2023-05,614
IA,2020,Apr,9858,209,2020-04,615
IA,2020,Aug,19713,232,2020-08,616
IA,2020,Dec,54618,1566,2020-12,617
IA,2020,Feb,0,0,2020-02,618
IA,2020,Jan,0,0,2020-01,619
IA,2020,Jul,17239,184,2020-07,620
IA,2020,Jun,9209,143,2020-06,621
IA,2020,Mar,546,9,2020-03,622
IA,2020,May,9901,355,2020-05,623
IA,2020,Nov,98945,694,2020-11,624
IA,2020,Oct,47965,443,2020-10,625
IA,2020,Sep,22783,225,2020-09,626
IA,2021,Apr,15313,220,2021-04,627
IA,2021,Aug,25989,114,2021-08,628
IA,2021,Dec,63807,574,2021-12,629
IA,2021,Feb,15854,524,2021-02,630
IA,2021,Jan,31531,915,2021-01,631
IA,2021,Jul,8669,55,2021-07,632
IA,2021,Jun,2118,77,2021-06,633
IA,2021,Mar,13242,242,2021-03,634
IA,2021,May,4897,100,2021-05,635
IA,2021,Nov,37169,376,2021-11,636
IA,2021,Oct,29700,418,2021-10,637
IA,2021,Sep,52962,344,2021-09,638
IA,2022,Apr,5841,79,2022-04,639
IA,2022,Aug,20291,123,2022-08,640
IA,2022,Dec,15069,168,2022-12,641
IA,2022,Feb,31897,513,2022-02,642
IA,2022,Jan,130561,638,2022-01,643
IA,2022,Jul,22180,114,2022-07,644
IA,2022,Jun,20183,103,2022-06,645
IA,2022,Mar,4850,283,2022-03,646
IA,2022,May,14816,67,2022-05,647
IA,2022,Nov,8843,87,2022-11,648
IA,2022,Oct,6968,111,2022-10,649
IA,2022,Sep,15137,157,2022-09,650
IA,2023,Apr,0,0,2023-04,651
IA,2023,Feb,6456,103,2023-02,652
IA,2023,Jan,6955,135,2023-01,653
IA,2023,Mar,6861,97,2023-03,654
IA,2023,May,0,0,2023-05,655
ID,2020,Apr,1592,57,2020-04,656
ID,2020,Aug,9959,155,2020-08,657
ID,2020,Dec,41375,497,2020-12,658
ID,2020,Feb,0,0,2020-02,659
ID,2020,Jan,0,0,2020-01,660
ID,2020,Jul,16337,125,2020-07,661
ID,2020,Jun,3437,9,2020-06,662
ID,2020,Mar,566,9,2020-03,663
ID,2020,May,775,17,2020-05,664
ID,2020,Nov,36421,328,2020-11,665
ID,2020,Oct,26266,194,2020-10,666
ID,2020,Sep,9382,97,2020-09,667
ID,2021,Apr,7896,88,2021-04,668
ID,2021,Aug,19883,161,2021-08,669
ID,2021,Dec,16403,243,2021-12,670
ID,2021,Feb,8125,127,2021-02,671
ID,2021,Jan,18053,260,2021-01,672
ID,2021,Jul,7673,57,2021-07,673
ID,2021,Jun,2517,56,2021-06,674
ID,2021,Mar,8250,87,2021-03,675
ID,2021,May,4045,46,2021-05,676
ID,2021,Nov,13077,349,2021-11,677
ID,2021,Oct,29823,560,2021-10,678
ID,2021,Sep,42110,670,2021-09,679
ID,2022,Apr,2023,36,2022-04,680
ID,2022,Aug,8794,68,2022-08,681
ID,2022,Dec,6493,51,2022-12,682
ID,2022,Feb,44732,318,2022-02,683
ID,2022,Jan,60776,261,2022-01,684
ID,2022,Jul,14599,63,2022-07,685
ID,2022,Jun,13922,46,2022-06,686
ID,2022,Mar,15052,119,2022-03,687
ID,2022,May,5537,11,2022-05,688
ID,2022,Nov,5373,41,2022-11,689
ID,2022,Oct,4259,40,2022-10,690
ID,2022,Sep,7200,70,2022-09,691
ID,2023,Apr,1757,19,2023-04,692
ID,2023,Feb,4111,26,2023-02,693
ID,2023,Jan,2981,54,2023-01,694
ID,2023,Mar,4251,63,2023-03,695
ID,2023,May,293,1,2023-05,696
IL,2020,Apr,61249,2833,2020-04,697
IL,2020,Aug,52590,530,2020-08,698
IL,2020,Dec,250685,5338,2020-12,699
IL,2020,Feb,2,0,2020-02,700
IL,2020,Jan,2,0,2020-01,701
IL,2020,Jul,43744,821,2020-07,702
IL,2020,Jun,20187,1329,2020-06,703
IL,2020,Mar,6978,141,2020-03,704
IL,2020,May,55592,2646,2020-05,705
IL,2020,Nov,304800,3180,2020-11,706
IL,2020,Oct,148080,1302,2020-10,707
IL,2020,Sep,55379,615,2020-09,708
IL,2021,Apr,101809,864,2021-04,709
IL,2021,Aug,97855,577,2021-08,710
IL,2021,Dec,479451,1984,2021-12,711
IL,2021,Feb,57287,1434,2021-02,712
IL,2021,Jan,134943,2683,2021-01,713
IL,2021,Jul,38522,286,2021-07,714
IL,2021,Jun,8687,433,2021-06,715
IL,2021,Mar,53069,724,2021-03,716
IL,2021,May,36660,800,2021-05,717
IL,2021,Nov,110212,661,2021-11,718
IL,2021,Oct,61789,893,2021-10,719
IL,2021,Sep,115873,1342,2021-09,720
IL,2022,Apr,80879,196,2022-04,721
IL,2022,Aug,103540,405,2022-08,722
IL,2022,Dec,103123,437,2022-12,723
IL,2022,Feb,95532,2041,2022-02,724
IL,2022,Jan,643654,3549,2022-01,725
IL,2022,Jul,132260,290,2022-07,726
IL,2022,Jun,144986,472,2022-06,727
IL,2022,Mar,41943,732,2022-03,728
IL,2022,May,149310,227,2022-05,729
IL,2022,Nov,59111,269,2022-11,730
IL,2022,Oct,49050,284,2022-10,731
IL,2022,Sep,81731,415,2022-09,732
IL,2023,Apr,19529,204,2023-04,733
IL,2023,Feb,43067,265,2023-02,734
IL,2023,Jan,49341,445,2023-01,735
IL,2023,Mar,43307,314,2023-03,736
IL,2023,May,851,0,2023-05,737
IN,2020,Apr,19307,1287,2020-04,738
IN,2020,Aug,25787,349,2020-08,739
IN,2020,Dec,188255,3266,2020-12,740
IN,2020,Feb,0,0,2020-02,741
IN,2020,Jan,0,0,2020-01,742
IN,2020,Jul,24015,348,2020-07,743
IN,2020,Jun,10238,404,2020-06,744
IN,2020,Mar,2563,134,2020-03,745
IN,2020,May,13843,756,2020-05,746
IN,2020,Nov,159210,1937,2020-11,747
IN,2020,Oct,71742,1037,2020-10,748
IN,2020,Sep,24269,365,2020-09,749
IN,2021,Apr,38866,335,2021-04,750
IN,2021,Aug,85511,481,2021-08,751
IN,2021,Dec,192291,1675,2021-12,752
IN,2021,Feb,32178,1230,2021-02,753
IN,2021,Jan,92104,1520,2021-01,754
IN,2021,Jul,23496,191,2021-07,755
IN,2021,Jun,9449,212,2021-06,756
IN,2021,Mar,22982,405,2021-03,757
IN,2021,May,19120,263,2021-05,758
IN,2021,Nov,77850,783,2021-11,759
IN,2021,Oct,50588,920,2021-10,760
IN,2021,Sep,115816,1398,2021-09,761
IN,2022,Apr,13142,129,2022-04,762
IN,2022,Aug,58111,299,2022-08,763
IN,2022,Dec,46154,394,2022-12,764
IN,2022,Feb,46643,1330,2022-02,765
IN,2022,Jan,336542,2302,2022-01,766
IN,2022,Jul,55423,254,2022-07,767
IN,2022,Jun,46694,189,2022-06,768
IN,2022,Mar,9578,530,2022-03,769
IN,2022,May,30186,123,2022-05,770
IN,2022,Nov,23049,214,2022-11,771
IN,2022,Oct,17063,204,2022-10,772
IN,2022,Sep,29846,294,2022-09,773
IN,2023,Apr,11516,114,2023-04,774
IN,2023,Feb,18163,190,2023-02,775
IN,2023,Jan,17548,343,2023-01,776
IN,2023,Mar,15492,216,2023-03,777
IN,2023,May,1696,25,2023-05,778
KS,2020,Apr,5300,156,2020-04,779
KS,2020,Aug,14477,98,2020-08,780
KS,2020,Dec,74534,1328,2020-12,781
KS,2020,Feb,0,0,2020-02,782
KS,2020,Jan,0,0,2020-01,783
KS,2020,Jul,14605,97,2020-07,784
KS,2020,Jun,4636,51,2020-06,785
KS,2020,Mar,484,10,2020-03,786
KS,2020,May,4156,62,2020-05,787
KS,2020,Nov,70428,619,2020-11,788
KS,2020,Oct,32404,411,2020-10,789
KS,2020,Sep,17184,225,2020-09,790
KS,2021,Apr,7564,105,2021-04,791
KS,2021,Aug,39972,323,2021-08,792
KS,2021,Dec,79902,298,2021-12,793
KS,2021,Feb,16100,834,2021-02,794
KS,2021,Jan,42079,865,2021-01,795
KS,2021,Jul,15103,120,2021-07,796
KS,2021,Jun,3564,77,2021-06,797
KS,2021,Mar,6448,132,2021-03,798
KS,2021,May,4435,80,2021-05,799
KS,2021,Nov,31604,329,2021-11,800
KS,2021,Oct,22768,337,2021-10,801
KS,2021,Sep,42208,523,2021-09,802
KS,2022,Apr,5215,234,2022-04,803
KS,2022,Aug,22832,83,2022-08,804
KS,2022,Dec,18148,74,2022-12,805
KS,2022,Feb,27852,398,2022-02,806
KS,2022,Jan,189049,504,2022-01,807
KS,2022,Jul,29260,17,2022-07,808
KS,2022,Jun,23216,27,2022-06,809
KS,2022,Mar,3448,421,2022-03,810
KS,2022,May,13693,257,2022-05,811
KS,2022,Nov,11965,57,2022-11,812
KS,2022,Oct,9367,48,2022-10,813
KS,2022,Sep,15598,83,2022-09,814
KS,2023,Apr,2687,42,2023-04,815
KS,2023,Feb,7937,85,2023-02,816
KS,2023,Jan,8586,216,2023-01,817
KS,2023,Mar,6629,100,2023-03,818
KS,2023,May,486,18,2023-05,819
KY,2020,Apr,5312,265,2020-04,820
KY,2020,Aug,17262,218,2020-08,821
KY,2020,Dec,110285,827,2020-12,822
KY,2020,Feb,0,0,2020-02,823
KY,2020,Jan,0,0,2020-01,824
KY,2020,Jul,16885,178,2020-07,825
KY,2020,Jun,5434,120,2020-06,826
KY,2020,Mar,621,18,2020-03,827
KY,2020,May,4476,167,2020-05,828
KY,2020,Nov,73762,431,2020-11,829
KY,2020,Oct,44162,340,2020-10,830
KY,2020,Sep,18851,207,2020-09,831
KY,2021,Apr,18506,464,2021-04,832
KY,2021,Aug,104025,413,2021-08,833
KY,2021,Dec,132334,1312,2021-12,834
KY,2021,Feb,34346,859,2021-02,835
KY,2021,Jan,81135,1041,2021-01,836
KY,2021,Jul,29059,135,2021-07,837
KY,2021,Jun,4986,154,2021-06,838
KY,2021,Mar,16379,1393,2021-03,839
KY,2021,May,9223,531,2021-05,840
KY,2021,Nov,42516,1110,2021-11,841
KY,2021,Oct,36065,914,2021-10,842
KY,2021,Sep,123034,1158,2021-09,843
KY,2022,Apr,8036,540,2022-04,844
KY,2022,Aug,70715,283,2022-08,845
KY,2022,Dec,35389,196,2022-12,846
KY,2022,Feb,75870,926,2022-02,847
KY,2022,Jan,316186,719,2022-01,848
KY,2022,Jul,66796,214,2022-07,849
KY,2022,Jun,53622,241,2022-06,850
KY,2022,Mar,11897,1128,2022-03,851
KY,2022,May,29226,373,2022-05,852
KY,2022,Nov,20956,180,2022-11,853
KY,2022,Oct,18829,291,2022-10,854
KY,2022,Sep,39322,351,2022-09,855
KY,2023,Apr,6265,218,2023-04,856
KY,2023,Feb,20942,204,2023-02,857
KY,2023,Jan,24757,193,2023-01,858
KY,2023,Mar,14599,255,2023-03,859
KY,2023,May,1052,56,2023-05,860
LA,2020,Apr,23974,1889,2020-04,861
LA,2020,Aug,24781,909,2020-08,862
LA,2020,Dec,92177,1180,2020-12,863
LA,2020,Feb,0,0,2020-02,864
LA,2020,Jan,0,0,2020-01,865
LA,2020,Jul,65765,858,2020-07,866
LA,2020,Jun,19070,370,2020-06,867
LA,2020,Mar,6424,273,2020-03,868
LA,2020,May,10710,706,2020-05,869
LA,2020,Nov,51148,526,2020-11,870
LA,2020,Oct,22733,464,2020-10,871
LA,2020,Sep,16731,506,2020-09,872
LA,2021,Apr,15928,276,2021-04,873
LA,2021,Aug,129856,1452,2021-08,874
LA,2021,Dec,107712,223,2021-12,875
LA,2021,Feb,25554,662,2021-02,876
LA,2021,Jan,72727,1325,2021-01,877
LA,2021,Jul,80848,395,2021-07,878
LA,2021,Jun,9219,141,2021-06,879
LA,2021,Mar,13080,473,2021-03,880
LA,2021,May,11451,177,2021-05,881
LA,2021,Nov,11146,219,2021-11,882
LA,2021,Oct,15120,481,2021-10,883
LA,2021,Sep,53395,1519,2021-09,884
LA,2022,Apr,6244,108,2022-04,885
LA,2022,Aug,45392,254,2022-08,886
LA,2022,Dec,26714,120,2022-12,887
LA,2022,Feb,47289,893,2022-02,888
LA,2022,Jan,300223,757,2022-01,889
LA,2022,Jul,67505,195,2022-07,890
LA,2022,Jun,56328,97,2022-06,891
LA,2022,Mar,6119,479,2022-03,892
LA,2022,May,22362,63,2022-05,893
LA,2022,Nov,9713,82,2022-11,894
LA,2022,Oct,6721,105,2022-10,895
LA,2022,Sep,25647,217,2022-09,896
LA,2023,Apr,7364,82,2023-04,897
LA,2023,Feb,22163,162,2023-02,898
LA,2023,Jan,22798,178,2023-01,899
LA,2023,Mar,12620,140,2023-03,900
LA,2023,May,1420,15,2023-05,901
MA,2020,Apr,64782,4298,2020-04,902
MA,2020,Aug,8684,407,2020-08,903
MA,2020,Dec,169821,2012,2020-12,904
MA,2020,Feb,5,0,2020-02,905
MA,2020,Jan,1,0,2020-01,906
MA,2020,Jul,8495,569,2020-07,907
MA,2020,Jun,5969,938,2020-06,908
MA,2020,Mar,11257,122,2020-03,909
MA,2020,May,22652,2732,2020-05,910
MA,2020,Nov,70913,762,2020-11,911
MA,2020,Oct,31182,606,2020-10,912
MA,2020,Sep,10292,390,2020-09,913
MA,2021,Apr,58028,473,2021-04,914
MA,2021,Aug,37888,170,2021-08,915
MA,2021,Dec,298954,575,2021-12,916
MA,2021,Feb,53629,1544,2021-02,917
MA,2021,Jan,127064,1872,2021-01,918
MA,2021,Jul,14052,95,2021-07,919
MA,2021,Jun,2701,106,2021-06,920
MA,2021,Mar,50834,933,2021-03,921
MA,2021,May,13657,228,2021-05,922
MA,2021,Nov,66441,309,2021-11,923
MA,2021,Oct,38020,334,2021-10,924
MA,2021,Sep,58033,450,2021-09,925
MA,2022,Apr,64141,169,2022-04,926
MA,2022,Aug,38331,214,2022-08,927
MA,2022,Dec,51286,608,2022-12,928
MA,2022,Feb,53344,4,2022-02,929
MA,2022,Jan,396914,52,2022-01,930
MA,2022,Jul,34573,178,2022-07,931
MA,2022,Jun,59312,370,2022-06,932
MA,2022,Mar,32548,155,2022-03,933
MA,2022,May,102733,322,2022-05,934
MA,2022,Nov,22711,382,2022-11,935
MA,2022,Oct,31954,335,2022-10,936
MA,2022,Sep,55634,382,2022-09,937
MA,2023,Apr,6004,88,2023-04,938
MA,2023,Feb,20216,478,2023-02,939
MA,2023,Jan,33911,674,2023-01,940
MA,2023,Mar,13989,293,2023-03,941
MA,2023,May,1221,15,2023-05,942
MD,2020,Apr,26178,1406,2020-04,943
MD,2020,Aug,16894,232,2020-08,944
MD,2020,Dec,89549,1415,2020-12,945
MD,2020,Feb,0,0,2020-02,946
MD,2020,Jan,0,0,2020-01,947
MD,2020,Jul,24518,331,2020-07,948
MD,2020,Jun,12922,565,2020-06,949
MD,2020,Mar,1986,31,2020-03,950
MD,2020,May,26822,1203,2020-05,951
MD,2020,Nov,54589,547,2020-11,952
MD,2020,Oct,24040,222,2020-10,953
MD,2020,Sep,15406,180,2020-09,954
MD,2021,Apr,39345,527,2021-04,955
MD,2021,Aug,27771,184,2021-08,956
MD,2021,Dec,201099,773,2021-12,957
MD,2021,Feb,26476,698,2021-02,958
MD,2021,Jan,64579,1088,2021-01,959
MD,2021,Jul,8326,99,2021-07,960
MD,2021,Jun,2212,119,2021-06,961
MD,2021,Mar,27385,368,2021-03,962
MD,2021,May,9378,809,2021-05,963
MD,2021,Nov,24389,295,2021-11,964
MD,2021,Oct,23843,390,2021-10,965
MD,2021,Sep,40677,511,2021-09,966
MD,2022,Apr,22115,115,2022-04,967
MD,2022,Aug,36394,182,2022-08,968
MD,2022,Dec,34635,272,2022-12,969
MD,2022,Feb,22613,575,2022-02,970
MD,2022,Jan,192042,1579,2022-01,971
MD,2022,Jul,44351,180,2022-07,972
MD,2022,Jun,48925,214,2022-06,973
MD,2022,Mar,11184,217,2022-03,974
MD,2022,May,57103,133,2022-05,975
MD,2022,Nov,17464,156,2022-11,976
MD,2022,Oct,17801,159,2022-10,977
MD,2022,Sep,29932,231,2022-09,978
MD,2023,Apr,5144,74,2023-04,979
MD,2023,Feb,15290,211,2023-02,980
MD,2023,Jan,23963,271,2023-01,981
MD,2023,Mar,10886,164,2023-03,982
MD,2023,May,1159,14,2023-05,983
ME,2020,Apr,950,57,2020-04,984
ME,2020,Aug,576,9,2020-08,985
ME,2020,Dec,15063,167,2020-12,986
ME,2020,Feb,0,0,2020-02,987
ME,2020,Jan,0,0,2020-01,988
ME,2020,Jul,701,19,2020-07,989
ME,2020,Jun,875,10,2020-06,990
ME,2020,Mar,303,5,2020-03,991
ME,2020,May,1163,33,2020-05,992
ME,2020,Nov,5491,67,2020-11,993
ME,2020,Oct,1682,9,2020-10,994
ME,2020,Sep,821,8,2020-09,995
ME,2021,Apr,12388,50,2021-04,996
ME,2021,Aug,5917,37,2021-08,997
ME,2021,Dec,29393,262,2021-12,998
ME,2021,Feb,4697,75,2021-02,999
ME,2021,Jan,12909,245,2021-01,1000
ME,2021,Jul,1942,42,2021-07,1001
ME,2021,Jun,1068,22,2021-06,1002
ME,2021,Mar,5557,39,2021-03,1003
ME,2021,May,4810,43,2021-05,1004
ME,2021,Nov,14979,133,2021-11,1005
ME,2021,Oct,12586,130,2021-10,1006
ME,2021,Sep,16974,130,2021-09,1007
ME,2022,Apr,11580,85,2022-04,1008
ME,2022,Aug,6134,26,2022-08,1009
ME,2022,Dec,5515,68,2022-12,1010
ME,2022,Feb,50705,298,2022-02,1011
ME,2022,Jan,27657,185,2022-01,1012
ME,2022,Jul,5864,33,2022-07,1013
ME,2022,Jun,7435,102,2022-06,1014
ME,2022,Mar,8011,144,2022-03,1015
ME,2022,May,14916,47,2022-05,1016
ME,2022,Nov,3381,69,2022-11,1017
ME,2022,Oct,6902,56,2022-10,1018
ME,2022,Sep,8130,85,2022-09,1019
ME,2023,Apr,1474,49,2023-04,1020
ME,2023,Feb,4780,60,2023-02,1021
ME,2023,Jan,4905,71,2023-01,1022
ME,2023,Mar,4486,58,2023-03,1023
ME,2023,May,262,10,2023-05,1024
MI,2020,Apr,38021,4094,2020-04,1025
MI,2020,Aug,20574,307,2020-08,1026
MI,2020,Dec,148611,3815,2020-12,1027
MI,2020,Feb,0,0,2020-02,1028
MI,2020,Jan,0,0,2020-01,1029
MI,2020,Jul,22812,276,2020-07,1030
MI,2020,Jun,7453,385,2020-06,1031
MI,2020,Mar,9716,370,2020-03,1032
MI,2020,May,15899,1348,2020-05,1033
MI,2020,Nov,190761,2066,2020-11,1034
MI,2020,Oct,74116,705,2020-10,1035
MI,2020,Sep,23535,298,2020-09,1036
MI,2021,Apr,205549,1979,2021-04,1037
MI,2021,Aug,51586,407,2021-08,1038
MI,2021,Dec,313785,3864,2021-12,1039
MI,2021,Feb,34927,907,2021-02,1040
MI,2021,Jan,64337,1981,2021-01,1041
MI,2021,Jul,14124,217,2021-07,1042
MI,2021,Jun,6537,573,2021-06,1043
MI,2021,Mar,95589,568,2021-03,1044
MI,2021,May,41524,1317,2021-05,1045
MI,2021,Nov,197457,1917,2021-11,1046
MI,2021,Oct,118588,1268,2021-10,1047
MI,2021,Sep,113237,997,2021-09,1048
MI,2022,Apr,51633,295,2022-04,1049
MI,2022,Aug,77874,505,2022-08,1050
MI,2022,Dec,60004,750,2022-12,1051
MI,2022,Feb,80508,2129,2022-02,1052
MI,2022,Jan,474272,2977,2022-01,1053
MI,2022,Jul,72952,553,2022-07,1054
MI,2022,Jun,72167,576,2022-06,1055
MI,2022,Mar,29740,996,2022-03,1056
MI,2022,May,102475,348,2022-05,1057
MI,2022,Nov,40616,679,2022-11,1058
MI,2022,Oct,48780,639,2022-10,1059
MI,2022,Sep,78688,729,2022-09,1060
MI,2023,Apr,14267,289,2023-04,1061
MI,2023,Feb,26717,405,2023-02,1062
MI,2023,Jan,32058,854,2023-01,1063
MI,2023,Mar,32155,428,2023-03,1064
MI,2023,May,2718,62,2023-05,1065
MN,2020,Apr,7872,689,2020-04,1066
MN,2020,Aug,19310,227,2020-08,1067
MN,2020,Dec,100029,1379,2020-12,1068
MN,2020,Feb,0,0,2020-02,1069
MN,2020,Jan,0,0,2020-01,1070
MN,2020,Jul,20957,184,2020-07,1071
MN,2020,Jun,10859,164,2020-06,1072
MN,2020,Mar,689,38,2020-03,1073
MN,2020,May,17238,721,2020-05,1074
MN,2020,Nov,166149,2009,2020-11,1075
MN,2020,Oct,61644,846,2020-10,1076
MN,2020,Sep,22098,284,2020-09,1077
MN,2021,Apr,62925,310,2021-04,1078
MN,2021,Aug,35446,242,2021-08,1079
MN,2021,Dec,133311,945,2021-12,1080
MN,2021,Feb,22757,124,2021-02,1081
MN,2021,Jan,36283,340,2021-01,1082
MN,2021,Jul,10591,74,2021-07,1083
MN,2021,Jun,3936,29,2021-06,1084
MN,2021,Mar,33133,292,2021-03,1085
MN,2021,May,19080,108,2021-05,1086
MN,2021,Nov,107940,998,2021-11,1087
MN,2021,Oct,78763,745,2021-10,1088
MN,2021,Sep,78022,608,2021-09,1089
MN,2022,Apr,27385,79,2022-04,1090
MN,2022,Aug,38203,148,2022-08,1091
MN,2022,Dec,26301,251,2022-12,1092
MN,2022,Feb,69410,320,2022-02,1093
MN,2022,Jan,297181,908,2022-01,1094
MN,2022,Jul,39526,138,2022-07,1095
MN,2022,Jun,52574,169,2022-06,1096
MN,2022,Mar,16216,74,2022-03,1097
MN,2022,May,49636,149,2022-05,1098
MN,2022,Nov,22056,215,2022-11,1099
MN,2022,Oct,20295,198,2022-10,1100
MN,2022,Sep,31564,180,2022-09,1101
MN,2023,Apr,5941,124,2023-04,1102
MN,2023,Feb,18054,105,2023-02,1103
MN,2023,Jan,17816,158,2023-01,1104
MN,2023,Mar,13379,175,2023-03,1105
MN,2023,May,1202,23,2023-05,1106
MO,2020,Apr,7644,533,2020-04,1107
MO,2020,Aug,32442,488,2020-08,1108
MO,2020,Dec,128249,2599,2020-12,1109
MO,2020,Feb,0,0,2020-02,1110
MO,2020,Jan,0,0,2020-01,1111
MO,2020,Jul,34010,350,2020-07,1112
MO,2020,Jun,8136,201,2020-06,1113
MO,2020,Mar,1733,28,2020-03,1114
MO,2020,May,5006,376,2020-05,1115
MO,2020,Nov,121801,2049,2020-11,1116
MO,2020,Oct,72708,1332,2020-10,1117
MO,2020,Sep,44160,647,2020-09,1118
MO,2021,Apr,22077,270,2021-04,1119
MO,2021,Aug,70093,1296,2021-08,1120
MO,2021,Dec,153180,1246,2021-12,1121
MO,2021,Feb,25159,595,2021-02,1122
MO,2021,Jan,68533,1476,2021-01,1123
MO,2021,Jul,74047,849,2021-07,1124
MO,2021,Jun,19206,256,2021-06,1125
MO,2021,Mar,17196,276,2021-03,1126
MO,2021,May,12158,181,2021-05,1127
MO,2021,Nov,44767,488,2021-11,1128
MO,2021,Oct,29542,533,2021-10,1129
MO,2021,Sep,66582,1141,2021-09,1130
MO,2022,Apr,15103,94,2022-04,1131
MO,2022,Aug,41194,257,2022-08,1132
MO,2022,Dec,37180,308,2022-12,1133
MO,2022,Feb,51682,1133,2022-02,1134
MO,2022,Jan,282008,1890,2022-01,1135
MO,2022,Jul,57215,245,2022-07,1136
MO,2022,Jun,60172,170,2022-06,1137
MO,2022,Mar,16630,340,2022-03,1138
MO,2022,May,31799,81,2022-05,1139
MO,2022,Nov,21828,172,2022-11,1140
MO,2022,Oct,19425,154,2022-10,1141
MO,2022,Sep,37591,265,2022-09,1142
MO,2023,Apr,8255,146,2023-04,1143
MO,2023,Feb,16574,122,2023-02,1144
MO,2023,Jan,18017,203,2023-01,1145
MO,2023,Mar,16093,115,2023-03,1146
MO,2023,May,1568,26,2023-05,1147
MP,2020,Apr,12,2,2020-04,1148
MP,2020,Aug,11,0,2020-08,1149
MP,2020,Dec,19,0,2020-12,1150
MP,2020,Feb,0,0,2020-02,1151
MP,2020,Jan,0,0,2020-01,1152
MP,2020,Jul,16,0,2020-07,1153
MP,2020,Jun,7,0,2020-06,1154
MP,2020,Mar,2,0,2020-03,1155
MP,2020,May,9,0,2020-05,1156
MP,2020,Nov,10,0,2020-11,1157
MP,2020,Oct,26,0,2020-10,1158
MP,2020,Sep,13,0,2020-09,1159
MP,2021,Apr,9,0,2021-04,1160
MP,2021,Aug,45,0,2021-08,1161
MP,2021,Dec,2560,15,2021-12,1162
MP,2021,Feb,11,0,2021-02,1163
MP,2021,Jan,8,0,2021-01,1164
MP,2021,Jul,15,0,2021-07,1165
MP,2021,Jun,0,0,2021-06,1166
MP,2021,Mar,15,0,2021-03,1167
MP,2021,May,15,0,2021-05,1168
MP,2021,Nov,628,0,2021-11,1169
MP,2021,Oct,58,1,2021-10,1170
MP,2021,Sep,29,0,2021-09,1171
MP,2022,Apr,123,1,2022-04,1172
MP,2022,Aug,388,2,2022-08,1173
MP,2022,Dec,166,0,2022-12,1174
MP,2022,Feb,4608,7,2022-02,1175
MP,2022,Jan,1796,5,2022-01,1176
MP,2022,Jul,903,3,2022-07,1177
MP,2022,Jun,463,1,2022-06,1178
MP,2022,Mar,1236,3,2022-03,1179
MP,2022,May,85,0,2022-05,1180
MP,2022,Nov,15,0,2022-11,1181
MP,2022,Oct,27,0,2022-10,1182
MP,2022,Sep,65,1,2022-09,1183
MP,2023,Apr,72,0,2023-04,1184
MP,2023,Feb,131,0,2023-02,1185
MP,2023,Jan,156,0,2023-01,1186
MP,2023,Mar,115,2,2023-03,1187
MP,2023,May,19,1,2023-05,1188
MS,2020,Apr,7354,354,2020-04,1189
MS,2020,Aug,20912,722,2020-08,1190
MS,2020,Dec,71367,1162,2020-12,1191
MS,2020,Feb,0,0,2020-02,1192
MS,2020,Jan,0,0,2020-01,1193
MS,2020,Jul,35558,721,2020-07,1194
MS,2020,Jun,11579,300,2020-06,1195
MS,2020,Mar,1072,20,2020-03,1196
MS,2020,May,7896,408,2020-05,1197
MS,2020,Nov,34591,455,2020-11,1198
MS,2020,Oct,24086,428,2020-10,1199
MS,2020,Sep,13820,443,2020-09,1200
MS,2021,Apr,7560,191,2021-04,1201
MS,2021,Aug,86770,892,2021-08,1202
MS,2021,Dec,58056,217,2021-12,1203
MS,2021,Feb,18354,584,2021-02,1204
MS,2021,Jan,49087,1145,2021-01,1205
MS,2021,Jul,31127,185,2021-07,1206
MS,2021,Jun,3907,90,2021-06,1207
MS,2021,Mar,9470,290,2021-03,1208
MS,2021,May,5151,99,2021-05,1209
MS,2021,Nov,8974,152,2021-11,1210
MS,2021,Oct,13105,366,2021-10,1211
MS,2021,Sep,52898,1279,2021-09,1212
MS,2022,Apr,2875,40,2022-04,1213
MS,2022,Aug,32291,119,2022-08,1214
MS,2022,Dec,20900,76,2022-12,1215
MS,2022,Feb,53008,946,2022-02,1216
MS,2022,Jan,164913,666,2022-01,1217
MS,2022,Jul,40761,148,2022-07,1218
MS,2022,Jun,31659,60,2022-06,1219
MS,2022,Mar,4793,295,2022-03,1220
MS,2022,May,10055,17,2022-05,1221
MS,2022,Nov,5622,44,2022-11,1222
MS,2022,Oct,5322,64,2022-10,1223
MS,2022,Sep,16030,134,2022-09,1224
MS,2023,Apr,4012,51,2023-04,1225
MS,2023,Feb,11492,126,2023-02,1226
MS,2023,Jan,16867,113,2023-01,1227
MS,2023,Mar,6321,68,2023-03,1228
MS,2023,May,800,4,2023-05,1229
MT,2020,Apr,248,11,2020-04,1230
MT,2020,Aug,3262,44,2020-08,1231
MT,2020,Dec,19719,303,2020-12,1232
MT,2020,Feb,0,0,2020-02,1233
MT,2020,Jan,0,0,2020-01,1234
MT,2020,Jul,3412,43,2020-07,1235
MT,2020,Jun,493,5,2020-06,1236
MT,2020,Mar,207,5,2020-03,1237
MT,2020,May,69,1,2020-05,1238
MT,2020,Nov,28443,308,2020-11,1239
MT,2020,Oct,22826,224,2020-10,1240
MT,2020,Sep,5381,71,2020-09,1241
MT,2021,Apr,4899,142,2021-04,1242
MT,2021,Aug,10772,86,2021-08,1243
MT,2021,Dec,8965,190,2021-12,1244
MT,2021,Feb,5539,73,2021-02,1245
MT,2021,Jan,10747,283,2021-01,1246
MT,2021,Jul,3576,53,2021-07,1247
MT,2021,Jun,1752,45,2021-06,1248
MT,2021,Mar,4195,63,2021-03,1249
MT,2021,May,2560,43,2021-05,1250
MT,2021,Nov,12612,325,2021-11,1251
MT,2021,Oct,22902,335,2021-10,1252
MT,2021,Sep,27979,258,2021-09,1253
MT,2022,Apr,1598,126,2022-04,1254
MT,2022,Aug,6816,24,2022-08,1255
MT,2022,Dec,4928,22,2022-12,1256
MT,2022,Feb,23580,165,2022-02,1257
MT,2022,Jan,43997,113,2022-01,1258
MT,2022,Jul,9402,30,2022-07,1259
MT,2022,Jun,10349,27,2022-06,1260
MT,2022,Mar,4652,59,2022-03,1261
MT,2022,May,4608,47,2022-05,1262
MT,2022,Nov,3602,23,2022-11,1263
MT,2022,Oct,3591,22,2022-10,1264
MT,2022,Sep,6270,53,2022-09,1265
MT,2023,Apr,1344,12,2023-04,1266
MT,2023,Feb,3032,9,2023-02,1267
MT,2023,Jan,2403,21,2023-01,1268
MT,2023,Mar,3027,48,2023-03,1269
MT,2023,May,202,3,2023-05,1270
NC,2020,Apr,11688,526,2020-04,1271
NC,2020,Aug,42792,797,2020-08,1272
NC,2020,Dec,222865,2633,2020-12,1273
NC,2020,Feb,1,0,2020-02,1274
NC,2020,Jan,0,0,2020-01,1275
NC,2020,Jul,63779,798,2020-07,1276
NC,2020,Jun,36295,415,2020-06,1277
NC,2020,Mar,1854,25,2020-03,1278
NC,2020,May,18579,515,2020-05,1279
NC,2020,Nov,96279,1066,2020-11,1280
NC,2020,Oct,72306,1060,2020-10,1281
NC,2020,Sep,37640,778,2020-09,1282
NC,2021,Apr,60627,405,2021-04,1283
NC,2021,Aug,167069,1284,2021-08,1284
NC,2021,Dec,278900,986,2021-12,1285
NC,2021,Feb,77821,1138,2021-02,1286
NC,2021,Jan,179489,2654,2021-01,1287
NC,2021,Jul,60492,291,2021-07,1288
NC,2021,Jun,11329,145,2021-06,1289
NC,2021,Mar,45939,381,2021-03,1290
NC,2021,May,24112,311,2021-05,1291
NC,2021,Nov,53565,508,2021-11,1292
NC,2021,Oct,60728,1005,2021-10,1293
NC,2021,Sep,188587,2351,2021-09,1294
NC,2022,Apr,41850,151,2022-04,1295
NC,2022,Aug,104426,640,2022-08,1296
NC,2022,Dec,84453,328,2022-12,1297
NC,2022,Feb,117407,1835,2022-02,1298
NC,2022,Jan,686232,2333,2022-01,1299
NC,2022,Jul,123715,422,2022-07,1300
NC,2022,Jun,112188,168,2022-06,1301
NC,2022,Mar,21400,574,2022-03,1302
NC,2022,May,100868,129,2022-05,1303
NC,2022,Nov,29168,145,2022-11,1304
NC,2022,Oct,35338,375,2022-10,1305
NC,2022,Sep,90015,527,2022-09,1306
NC,2023,Apr,10012,67,2023-04,1307
NC,2023,Feb,41417,284,2023-02,1308
NC,2023,Jan,65993,402,2023-01,1309
NC,2023,Mar,21929,534,2023-03,1310
NC,2023,May,2257,73,2023-05,1311
ND,2020,Apr,1182,30,2020-04,1312
ND,2020,Aug,5212,40,2020-08,1313
ND,2020,Dec,13688,277,2020-12,1314
ND,2020,Feb,0,0,2020-02,1315
ND,2020,Jan,0,0,2020-01,1316
ND,2020,Jul,3443,29,2020-07,1317
ND,2020,Jun,936,17,2020-06,1318
ND,2020,Mar,141,3,2020-03,1319
ND,2020,May,1356,36,2020-05,1320
ND,2020,Nov,31837,485,2020-11,1321
ND,2020,Oct,26454,341,2020-10,1322
ND,2020,Sep,9577,108,2020-09,1323
ND,2021,Apr,4987,28,2021-04,1324
ND,2021,Aug,6023,20,2021-08,1325
ND,2021,Dec,14833,104,2021-12,1326
ND,2021,Feb,2168,24,2021-02,1327
ND,2021,Jan,4077,64,2021-01,1328
ND,2021,Jul,1229,14,2021-07,1329
ND,2021,Jun,661,12,2021-06,1330
ND,2021,Mar,3022,17,2021-03,1331
ND,2021,May,1962,19,2021-05,1332
ND,2021,Nov,13121,132,2021-11,1333
ND,2021,Oct,14125,153,2021-10,1334
ND,2021,Sep,17777,82,2021-09,1335
ND,2022,Apr,1267,14,2022-04,1336
ND,2022,Aug,6587,27,2022-08,1337
ND,2022,Dec,4306,18,2022-12,1338
ND,2022,Feb,11575,92,2022-02,1339
ND,2022,Jan,48931,94,2022-01,1340
ND,2022,Jul,7012,27,2022-07,1341
ND,2022,Jun,6044,18,2022-06,1342
ND,2022,Mar,1540,42,2022-03,1343
ND,2022,May,3151,11,2022-05,1344
ND,2022,Nov,3460,11,2022-11,1345
ND,2022,Oct,3506,9,2022-10,1346
ND,2022,Sep,5388,30,2022-09,1347
ND,2023,Apr,1358,15,2023-04,1348
ND,2023,Feb,3307,16,2023-02,1349
ND,2023,Jan,2362,21,2023-01,1350
ND,2023,Mar,3082,31,2023-03,1351
ND,2023,May,406,2,2023-05,1352
NE,2020,Apr,6332,137,2020-04,1353
NE,2020,Aug,7296,92,2020-08,1354
NE,2020,Dec,41091,445,2020-12,1355
NE,2020,Feb,2,0,2020-02,1356
NE,2020,Jan,0,0,2020-01,1357
NE,2020,Jul,7963,104,2020-07,1358
NE,2020,Jun,4306,67,2020-06,1359
NE,2020,Mar,211,12,2020-03,1360
NE,2020,May,7843,144,2020-05,1361
NE,2020,Nov,54079,714,2020-11,1362
NE,2020,Oct,30792,477,2020-10,1363
NE,2020,Sep,10083,128,2020-09,1364
NE,2021,Apr,10021,66,2021-04,1365
NE,2021,Aug,15522,133,2021-08,1366
NE,2021,Dec,42643,308,2021-12,1367
NE,2021,Feb,9171,60,2021-02,1368
NE,2021,Jan,20418,199,2021-01,1369
NE,2021,Jul,5503,80,2021-07,1370
NE,2021,Jun,990,14,2021-06,1371
NE,2021,Mar,8342,47,2021-03,1372
NE,2021,May,2375,40,2021-05,1373
NE,2021,Nov,24938,259,2021-11,1374
NE,2021,Oct,17887,164,2021-10,1375
NE,2021,Sep,24389,236,2021-09,1376
NE,2022,Apr,2845,11,2022-04,1377
NE,2022,Aug,11556,9,2022-08,1378
NE,2022,Dec,13378,58,2022-12,1379
NE,2022,Feb,13406,70,2022-02,1380
NE,2022,Jan,101275,295,2022-01,1381
NE,2022,Jul,15534,23,2022-07,1382
NE,2022,Jun,15062,29,2022-06,1383
NE,2022,Mar,2821,16,2022-03,1384
NE,2022,May,7483,13,2022-05,1385
NE,2022,Nov,7764,100,2022-11,1386
NE,2022,Oct,5314,26,2022-10,1387
NE,2022,Sep,7874,144,2022-09,1388
NE,2023,Apr,2149,34,2023-04,1389
NE,2023,Feb,5307,147,2023-02,1390
NE,2023,Jan,4101,45,2023-01,1391
NE,2023,Mar,6695,119,2023-03,1392
NE,2023,May,373,24,2023-05,1393
NH,2020,Apr,2374,89,2020-04,1394
NH,2020,Aug,590,14,2020-08,1395
NH,2020,Dec,26470,279,2020-12,1396
NH,2020,Feb,2,0,2020-02,1397
NH,2020,Jan,0,0,2020-01,1398
NH,2020,Jul,917,45,2020-07,1399
NH,2020,Jun,1007,108,2020-06,1400
NH,2020,Mar,365,3,2020-03,1401
NH,2020,May,2054,173,2020-05,1402
NH,2020,Nov,10805,53,2020-11,1403
NH,2020,Oct,3296,45,2020-10,1404
NH,2020,Sep,958,7,2020-09,1405
NH,2021,Apr,11705,70,2021-04,1406
NH,2021,Aug,6744,31,2021-08,1407
NH,2021,Dec,45490,288,2021-12,1408
NH,2021,Feb,9269,99,2021-02,1409
NH,2021,Jan,17883,260,2021-01,1410
NH,2021,Jul,1772,17,2021-07,1411
NH,2021,Jun,714,19,2021-06,1412
NH,2021,Mar,8186,63,2021-03,1413
NH,2021,May,2910,45,2021-05,1414
NH,2021,Nov,24805,144,2021-11,1415
NH,2021,Oct,14844,88,2021-10,1416
NH,2021,Sep,14913,73,2021-09,1417
NH,2022,Apr,9620,34,2022-04,1418
NH,2022,Aug,5200,31,2022-08,1419
NH,2022,Dec,7368,50,2022-12,1420
NH,2022,Feb,20117,162,2022-02,1421
NH,2022,Jan,70618,219,2022-01,1422
NH,2022,Jul,5935,37,2022-07,1423
NH,2022,Jun,7418,55,2022-06,1424
NH,2022,Mar,3733,58,2022-03,1425
NH,2022,May,13672,53,2022-05,1426
NH,2022,Nov,3800,55,2022-11,1427
NH,2022,Oct,6131,53,2022-10,1428
NH,2022,Sep,7058,46,2022-09,1429
NH,2023,Apr,1331,19,2023-04,1430
NH,2023,Feb,3896,46,2023-02,1431
NH,2023,Jan,4796,81,2023-01,1432
NH,2023,Mar,2966,34,2023-03,1433
NH,2023,May,281,6,2023-05,1434
NJ,2020,Apr,109673,9711,2020-04,1435
NJ,2020,Aug,10415,133,2020-08,1436
NJ,2020,Dec,181433,2378,2020-12,1437
NJ,2020,Feb,0,0,2020-02,1438
NJ,2020,Jan,0,0,2020-01,1439
NJ,2020,Jul,12876,759,2020-07,1440
NJ,2020,Jun,10499,1361,2020-06,1441
NJ,2020,Mar,22255,476,2020-03,1442
NJ,2020,May,30507,3523,2020-05,1443
NJ,2020,Nov,118915,754,2020-11,1444
NJ,2020,Oct,49046,269,2020-10,1445
NJ,2020,Sep,14438,159,2020-09,1446
NJ,2021,Apr,95504,1146,2021-04,1447
NJ,2021,Aug,50547,277,2021-08,1448
NJ,2021,Dec,455845,801,2021-12,1449
NJ,2021,Feb,93669,1756,2021-02,1450
NJ,2021,Jan,145750,2170,2021-01,1451
NJ,2021,Jul,20285,168,2021-07,1452
NJ,2021,Jun,6651,210,2021-06,1453
NJ,2021,Mar,109340,1112,2021-03,1454
NJ,2021,May,12446,539,2021-05,1455
NJ,2021,Nov,53642,398,2021-11,1456
NJ,2021,Oct,37873,468,2021-10,1457
NJ,2021,Sep,70129,641,2021-09,1458
NJ,2022,Apr,64932,195,2022-04,1459
NJ,2022,Aug,70703,248,2022-08,1460
NJ,2022,Dec,92437,431,2022-12,1461
NJ,2022,Feb,50763,1499,2022-02,1462
NJ,2022,Jan,407560,2258,2022-01,1463
NJ,2022,Jul,100537,220,2022-07,1464
NJ,2022,Jun,107535,356,2022-06,1465
NJ,2022,Mar,38057,306,2022-03,1466
NJ,2022,May,125107,260,2022-05,1467
NJ,2022,Nov,47103,206,2022-11,1468
NJ,2022,Oct,51133,152,2022-10,1469
NJ,2022,Sep,73441,215,2022-09,1470
NJ,2023,Apr,9699,37,2023-04,1471
NJ,2023,Feb,38628,176,2023-02,1472
NJ,2023,Jan,63416,251,2023-01,1473
NJ,2023,Mar,20839,98,2023-03,1474
NJ,2023,May,1643,1,2023-05,1475
NM,2020,Apr,3961,164,2020-04,1476
NM,2020,Aug,4046,123,2020-08,1477
NM,2020,Dec,49021,1012,2020-12,1478
NM,2020,Feb,0,0,2020-02,1479
NM,2020,Jan,0,0,2020-01,1480
NM,2020,Jul,9290,167,2020-07,1481
NM,2020,Jun,4136,125,2020-06,1482
NM,2020,Mar,327,5,2020-03,1483
NM,2020,May,3852,206,2020-05,1484
NM,2020,Nov,50711,570,2020-11,1485
NM,2020,Oct,20818,182,2020-10,1486
NM,2020,Sep,3822,87,2020-09,1487
NM,2021,Apr,7132,144,2021-04,1488
NM,2021,Aug,20910,112,2021-08,1489
NM,2021,Dec,45540,554,2021-12,1490
NM,2021,Feb,10245,413,2021-02,1491
NM,2021,Jan,25668,697,2021-01,1492
NM,2021,Jul,7033,77,2021-07,1493
NM,2021,Jun,2322,72,2021-06,1494
NM,2021,Mar,5752,184,2021-03,1495
NM,2021,May,4441,189,2021-05,1496
NM,2021,Nov,36419,294,2021-11,1497
NM,2021,Oct,22722,245,2021-10,1498
NM,2021,Sep,23461,311,2021-09,1499
NM,2022,Apr,4562,203,2022-04,1500
NM,2022,Aug,16673,180,2022-08,1501
NM,2022,Dec,13580,129,2022-12,1502
NM,2022,Feb,28094,452,2022-02,1503
NM,2022,Jan,122825,555,2022-01,1504
NM,2022,Jul,26198,310,2022-07,1505
NM,2022,Jun,31863,161,2022-06,1506
NM,2022,Mar,6156,393,2022-03,1507
NM,2022,May,13305,260,2022-05,1508
NM,2022,Nov,17248,57,2022-11,1509
NM,2022,Oct,9532,58,2022-10,1510
NM,2022,Sep,8481,139,2022-09,1511
NM,2023,Apr,4493,104,2023-04,1512
NM,2023,Feb,4428,81,2023-02,1513
NM,2023,Jan,4902,127,2023-01,1514
NM,2023,Mar,6469,94,2023-03,1515
NM,2023,May,804,0,2023-05,1516
NV,2020,Apr,4462,258,2020-04,1517
NV,2020,Aug,17043,446,2020-08,1518
NV,2020,Dec,80421,1092,2020-12,1519
NV,2020,Feb,0,0,2020-02,1520
NV,2020,Jan,0,0,2020-01,1521
NV,2020,Jul,33727,379,2020-07,1522
NV,2020,Jun,10149,80,2020-06,1523
NV,2020,Mar,1279,31,2020-03,1524
NV,2020,May,3211,142,2020-05,1525
NV,2020,Nov,52879,389,2020-11,1526
NV,2020,Oct,24113,214,2020-10,1527
NV,2020,Sep,10109,264,2020-09,1528
NV,2021,Apr,13326,238,2021-04,1529
NV,2021,Aug,30894,585,2021-08,1530
NV,2021,Dec,43906,456,2021-12,1531
NV,2021,Feb,13977,614,2021-02,1532
NV,2021,Jan,43314,1078,2021-01,1533
NV,2021,Jul,27424,272,2021-07,1534
NV,2021,Jun,9031,88,2021-06,1535
NV,2021,Mar,9078,262,2021-03,1536
NV,2021,May,7593,106,2021-05,1537
NV,2021,Nov,16313,355,2021-11,1538
NV,2021,Oct,16831,430,2021-10,1539
NV,2021,Sep,32894,708,2021-09,1540
NV,2022,Apr,6745,643,2022-04,1541
NV,2022,Aug,10387,143,2022-08,1542
NV,2022,Dec,13839,148,2022-12,1543
NV,2022,Feb,21034,703,2022-02,1544
NV,2022,Jan,155997,562,2022-01,1545
NV,2022,Jul,48731,183,2022-07,1546
NV,2022,Jun,39211,178,2022-06,1547
NV,2022,Mar,28961,384,2022-03,1548
NV,2022,May,20920,117,2022-05,1549
NV,2022,Nov,9706,60,2022-11,1550
NV,2022,Oct,6085,55,2022-10,1551
NV,2022,Sep,14655,115,2022-09,1552
NV,2023,Apr,3079,25,2023-04,1553
NV,2023,Feb,4801,49,2023-02,1554
NV,2023,Jan,5933,106,2023-01,1555
NV,2023,Mar,5466,57,2023-03,1556
NV,2023,May,640,10,2023-05,1557
NY,2020,Apr,109118,9783,2020-04,1558
NY,2020,Aug,9768,63,2020-08,1559
NY,2020,Dec,257078,3197,2020-12,1560
NY,2020,Feb,10,0,2020-02,1561
NY,2020,Jan,0,0,2020-01,1562
NY,2020,Jul,13040,223,2020-07,1563
NY,2020,Jun,9391,415,2020-06,1564
NY,2020,Mar,36499,733,2020-03,1565
NY,2020,May,23586,-2191,2020-05,1566
NY,2020,Nov,97070,684,2020-11,1567
NY,2020,Oct,34814,248,2020-10,1568
NY,2020,Sep,13196,237,2020-09,1569
NY,2021,Apr,100662,687,2021-04,1570
NY,2021,Aug,68088,327,2021-08,1571
NY,2021,Dec,490249,1674,2021-12,1572
NY,2021,Feb,104879,1544,2021-02,1573
NY,2021,Jan,219492,3284,2021-01,1574
NY,2021,Jul,20518,66,2021-07,1575
NY,2021,Jun,5766,125,2021-06,1576
NY,2021,Mar,98405,670,2021-03,1577
NY,2021,May,24795,245,2021-05,1578
NY,2021,Nov,130986,743,2021-11,1579
NY,2021,Oct,85864,732,2021-10,1580
NY,2021,Sep,114258,786,2021-09,1581
NY,2022,Apr,113375,255,2022-04,1582
NY,2022,Aug,66620,276,2022-08,1583
NY,2022,Dec,90163,591,2022-12,1584
NY,2022,Feb,67862,935,2022-02,1585
NY,2022,Jan,497841,2239,2022-01,1586
NY,2022,Jul,82750,294,2022-07,1587
NY,2022,Jun,79737,334,2022-06,1588
NY,2022,Mar,51047,283,2022-03,1589
NY,2022,May,137083,437,2022-05,1590
NY,2022,Nov,49289,369,2022-11,1591
NY,2022,Oct,59759,417,2022-10,1592
NY,2022,Sep,82946,368,2022-09,1593
NY,2023,Apr,9691,151,2023-04,1594
NY,2023,Feb,36165,317,2023-02,1595
NY,2023,Jan,54405,470,2023-01,1596
NY,2023,Mar,23955,298,2023-03,1597
NY,2023,May,1823,32,2023-05,1598
NYC,2020,Apr,128562,13322,2020-04,1599
NYC,2020,Aug,7478,173,2020-08,1600
NYC,2020,Dec,135650,988,2020-12,1601
NYC,2020,Feb,0,0,2020-02,1602
NYC,2020,Jan,0,0,2020-01,1603
NYC,2020,Jul,11663,405,2020-07,1604
NYC,2020,Jun,10389,677,2020-06,1605
NYC,2020,Mar,53868,2640,2020-03,1606
NYC,2020,May,25033,6467,2020-05,1607
NYC,2020,Nov,54609,252,2020-11,1608
NYC,2020,Oct,23539,212,2020-10,1609
NYC,2020,Sep,9936,115,2020-09,1610
NYC,2021,Apr,88087,1551,2021-04,1611
NYC,2021,Aug,53434,264,2021-08,1612
NYC,2021,Dec,582870,758,2021-12,1613
NYC,2021,Feb,114427,2242,2021-02,1614
NYC,2021,Jan,160153,1943,2021-01,1615
NYC,2021,Jul,25810,144,2021-07,1616
NYC,2021,Jun,5951,184,2021-06,1617
NYC,2021,Mar,111485,1670,2021-03,1618
NYC,2021,May,16587,559,2021-05,1619
NYC,2021,Nov,36221,266,2021-11,1620
NYC,2021,Oct,30453,274,2021-10,1621
NYC,2021,Sep,58350,498,2021-09,1622
NYC,2022,Apr,66952,123,2022-04,1623
NYC,2022,Aug,78771,440,2022-08,1624
NYC,2022,Dec,124551,762,2022-12,1625
NYC,2022,Feb,38910,1266,2022-02,1626
NYC,2022,Jan,508509,2964,2022-01,1627
NYC,2022,Jul,115261,341,2022-07,1628
NYC,2022,Jun,114932,369,2022-06,1629
NYC,2022,Mar,37010,262,2022-03,1630
NYC,2022,May,112838,207,2022-05,1631
NYC,2022,Nov,71395,389,2022-11,1632
NYC,2022,Oct,57432,321,2022-10,1633
NYC,2022,Sep,69100,426,2022-09,1634
NYC,2023,Apr,8772,26,2023-04,1635
NYC,2023,Feb,31105,248,2023-02,1636
NYC,2023,Jan,69228,694,2023-01,1637
NYC,2023,Mar,15496,170,2023-03,1638
NYC,2023,May,1909,12,2023-05,1639
OH,2020,Apr,19028,1218,2020-04,1640
OH,2020,Aug,29465,658,2020-08,1641
OH,2020,Dec,304889,6099,2020-12,1642
OH,2020,Feb,0,0,2020-02,1643
OH,2020,Jan,0,0,2020-01,1644
OH,2020,Jul,43440,687,2020-07,1645
OH,2020,Jun,16069,404,2020-06,1646
OH,2020,Mar,2548,108,2020-03,1647
OH,2020,May,15220,888,2020-05,1648
OH,2020,Nov,207719,2876,2020-11,1649
OH,2020,Oct,76221,1061,2020-10,1650
OH,2020,Sep,28218,508,2020-09,1651
OH,2021,Apr,61169,651,2021-04,1652
OH,2021,Aug,93037,750,2021-08,1653
OH,2021,Dec,413663,4294,2021-12,1654
OH,2021,Feb,65878,1223,2021-02,1655
OH,2021,Jan,163910,3051,2021-01,1656
OH,2021,Jul,23640,204,2021-07,1657
OH,2021,Jun,8440,212,2021-06,1658
OH,2021,Mar,44960,511,2021-03,1659
OH,2021,May,24151,387,2021-05,1660
OH,2021,Nov,142953,1932,2021-11,1661
OH,2021,Oct,110423,2126,2021-10,1662
OH,2021,Sep,217783,2618,2021-09,1663
OH,2022,Apr,24272,389,2022-04,1664
OH,2022,Aug,101304,364,2022-08,1665
OH,2022,Dec,79809,461,2022-12,1666
OH,2022,Feb,60660,1220,2022-02,1667
OH,2022,Jan,482680,3586,2022-01,1668
OH,2022,Jul,99789,194,2022-07,1669
OH,2022,Jun,85330,222,2022-06,1670
OH,2022,Mar,16622,764,2022-03,1671
OH,2022,May,66065,183,2022-05,1672
OH,2022,Nov,42721,327,2022-11,1673
OH,2022,Oct,41292,311,2022-10,1674
OH,2022,Sep,94200,440,2022-09,1675
OH,2023,Apr,16872,202,2023-04,1676
OH,2023,Feb,35228,331,2023-02,1677
OH,2023,Jan,40199,427,2023-01,1678
OH,2023,Mar,38613,280,2023-03,1679
OH,2023,May,2978,40,2023-05,1680
OK,2020,Apr,3481,224,2020-04,1681
OK,2020,Aug,19555,239,2020-08,1682
OK,2020,Dec,109579,820,2020-12,1683
OK,2020,Feb,0,0,2020-02,1684
OK,2020,Jan,0,0,2020-01,1685
OK,2020,Jul,26452,193,2020-07,1686
OK,2020,Jun,7314,48,2020-06,1687
OK,2020,Mar,721,29,2020-03,1688
OK,2020,May,2603,88,2020-05,1689
OK,2020,Nov,74572,420,2020-11,1690
OK,2020,Oct,40574,361,2020-10,1691
OK,2020,Sep,27073,210,2020-09,1692
OK,2021,Apr,9523,1879,2021-04,1693
OK,2021,Aug,65158,470,2021-08,1694
OK,2021,Dec,57363,766,2021-12,1695
OK,2021,Feb,31760,879,2021-02,1696
OK,2021,Jan,83138,1021,2021-01,1697
OK,2021,Jul,31488,143,2021-07,1698
OK,2021,Jun,4569,73,2021-06,1699
OK,2021,Mar,12915,419,2021-03,1700
OK,2021,May,4021,483,2021-05,1701
OK,2021,Nov,20749,0,2021-11,1702
OK,2021,Oct,25929,1666,2021-10,1703
OK,2021,Sep,66338,1212,2021-09,1704
OK,2022,Apr,6748,255,2022-04,1705
OK,2022,Aug,42907,93,2022-08,1706
OK,2022,Dec,29486,73,2022-12,1707
OK,2022,Feb,38807,1087,2022-02,1708
OK,2022,Jan,259062,546,2022-01,1709
OK,2022,Jul,43168,105,2022-07,1710
OK,2022,Jun,25184,53,2022-06,1711
OK,2022,Mar,10451,728,2022-03,1712
OK,2022,May,8070,158,2022-05,1713
OK,2022,Nov,12388,89,2022-11,1714
OK,2022,Oct,11762,154,2022-10,1715
OK,2022,Sep,36966,135,2022-09,1716
OK,2023,Apr,6886,210,2023-04,1717
OK,2023,Feb,13974,189,2023-02,1718
OK,2023,Jan,20602,124,2023-01,1719
OK,2023,Mar,14058,204,2023-03,1720
OK,2023,May,956,38,2023-05,1721
OR,2020,Apr,2180,96,2020-04,1722
OR,2020,Aug,7098,129,2020-08,1723
OR,2020,Dec,42063,605,2020-12,1724
OR,2020,Feb,3,0,2020-02,1725
OR,2020,Jan,0,0,2020-01,1726
OR,2020,Jul,11045,130,2020-07,1727
OR,2020,Jun,4533,49,2020-06,1728
OR,2020,Mar,732,19,2020-03,1729
OR,2020,May,1483,44,2020-05,1730
OR,2020,Nov,31111,248,2020-11,1731
OR,2020,Oct,13541,146,2020-10,1732
OR,2020,Sep,6434,92,2020-09,1733
OR,2021,Apr,23405,126,2021-04,1734
OR,2021,Aug,54540,345,2021-08,1735
OR,2021,Dec,49451,533,2021-12,1736
OR,2021,Feb,11683,261,2021-02,1737
OR,2021,Jan,24382,433,2021-01,1738
OR,2021,Jul,15906,102,2021-07,1739
OR,2021,Jun,6647,98,2021-06,1740
OR,2021,Mar,8724,131,2021-03,1741
OR,2021,May,13577,167,2021-05,1742
OR,2021,Nov,22380,717,2021-11,1743
OR,2021,Oct,31686,569,2021-10,1744
OR,2021,Sep,59044,679,2021-09,1745
OR,2022,Apr,20795,293,2022-04,1746
OR,2022,Aug,21921,237,2022-08,1747
OR,2022,Dec,17489,160,2022-12,1748
OR,2022,Feb,51349,489,2022-02,1749
OR,2022,Jan,202325,444,2022-01,1750
OR,2022,Jul,36550,339,2022-07,1751
OR,2022,Jun,52393,197,2022-06,1752
OR,2022,Mar,10494,573,2022-03,1753
OR,2022,May,40674,121,2022-05,1754
OR,2022,Nov,13939,138,2022-11,1755
OR,2022,Oct,11680,136,2022-10,1756
OR,2022,Sep,20864,178,2022-09,1757
OR,2023,Apr,4776,65,2023-04,1758
OR,2023,Feb,10058,129,2023-02,1759
OR,2023,Jan,9344,207,2023-01,1760
OR,2023,Mar,8625,119,2023-03,1761
OR,2023,May,932,6,2023-05,1762
PA,2020,Apr,48878,3563,2020-04,1763
PA,2020,Aug,20315,451,2020-08,1764
PA,2020,Dec,308199,6284,2020-12,1765
PA,2020,Feb,0,0,2020-02,1766
PA,2020,Jan,0,0,2020-01,1767
PA,2020,Jul,28728,552,2020-07,1768
PA,2020,Jun,13972,842,2020-06,1769
PA,2020,Mar,5948,89,2020-03,1770
PA,2020,May,22280,2266,2020-05,1771
PA,2020,Nov,160711,1955,2020-11,1772
PA,2020,Oct,59268,745,2020-10,1773
PA,2020,Sep,23779,418,2020-09,1774
PA,2021,Apr,141283,1340,2021-04,1775
PA,2021,Aug,70486,365,2021-08,1776
PA,2021,Dec,404093,3659,2021-12,1777
PA,2021,Feb,84775,2156,2021-02,1778
PA,2021,Jan,169864,4918,2021-01,1779
PA,2021,Jul,19166,204,2021-07,1780
PA,2021,Jun,9361,387,2021-06,1781
PA,2021,Mar,88567,922,2021-03,1782
PA,2021,May,40366,823,2021-05,1783
PA,2021,Nov,153610,1824,2021-11,1784
PA,2021,Oct,118776,1981,2021-10,1785
PA,2021,Sep,157456,1479,2021-09,1786
PA,2022,Apr,42734,345,2022-04,1787
PA,2022,Aug,80662,445,2022-08,1788
PA,2022,Dec,71064,647,2022-12,1789
PA,2022,Feb,83509,2273,2022-02,1790
PA,2022,Jan,525907,3913,2022-01,1791
PA,2022,Jul,86858,445,2022-07,1792
PA,2022,Jun,85802,564,2022-06,1793
PA,2022,Mar,25796,903,2022-03,1794
PA,2022,May,104767,497,2022-05,1795
PA,2022,Nov,42789,605,2022-11,1796
PA,2022,Oct,50881,525,2022-10,1797
PA,2022,Sep,81211,649,2022-09,1798
PA,2023,Apr,9387,262,2023-04,1799
PA,2023,Feb,41468,490,2023-02,1800
PA,2023,Jan,47484,757,2023-01,1801
PA,2023,Mar,27154,499,2023-03,1802
PA,2023,May,1977,5,2023-05,1803
PR,2020,Apr,711,88,2020-04,1804
PR,2020,Aug,8251,197,2020-08,1805
PR,2020,Dec,26195,444,2020-12,1806
PR,2020,Feb,0,0,2020-02,1807
PR,2020,Jan,0,0,2020-01,1808
PR,2020,Jul,5955,93,2020-07,1809
PR,2020,Jun,435,13,2020-06,1810
PR,2020,Mar,286,11,2020-03,1811
PR,2020,May,297,41,2020-05,1812
PR,2020,Nov,17901,294,2020-11,1813
PR,2020,Oct,11806,189,2020-10,1814
PR,2020,Sep,8066,218,2020-09,1815
PR,2021,Apr,26377,230,2021-04,1816
PR,2021,Aug,22198,290,2021-08,1817
PR,2021,Dec,124576,54,2021-12,1818
PR,2021,Feb,5883,192,2021-02,1819
PR,2021,Jan,15081,273,2021-01,1820
PR,2021,Jul,9302,45,2021-07,1821
PR,2021,Jun,1257,37,2021-06,1822
PR,2021,Mar,6604,65,2021-03,1823
PR,2021,May,4950,164,2021-05,1824
PR,2021,Nov,3017,31,2021-11,1825
PR,2021,Oct,3011,57,2021-10,1826
PR,2021,Sep,11023,298,2021-09,1827
PR,2022,Apr,67060,46,2022-04,1828
PR,2022,Aug,63950,187,2022-08,1829
PR,2022,Dec,45794,188,2022-12,1830
PR,2022,Feb,14505,235,2022-02,1831
PR,2022,Jan,146456,563,2022-01,1832
PR,2022,Jul,76892,181,2022-07,1833
PR,2022,Jun,110298,228,2022-06,1834
PR,2022,Mar,9463,49,2022-03,1835
PR,2022,May,122241,158,2022-05,1836
PR,2022,Nov,27552,102,2022-11,1837
PR,2022,Oct,23394,98,2022-10,1838
PR,2022,Sep,36134,196,2022-09,1839
PR,2023,Apr,9004,33,2023-04,1840
PR,2023,Feb,14179,103,2023-02,1841
PR,2023,Jan,27578,144,2023-01,1842
PR,2023,Mar,10918,62,2023-03,1843
PR,2023,May,3476,11,2023-05,1844
PW,2020,Apr,0,0,2020-04,1845
PW,2020,Aug,0,0,2020-08,1846
PW,2020,Dec,0,0,2020-12,1847
PW,2020,Feb,0,0,2020-02,1848
PW,2020,Jan,0,0,2020-01,1849
PW,2020,Jul,0,0,2020-07,1850
PW,2020,Jun,0,0,2020-06,1851
PW,2020,Mar,0,0,2020-03,1852
PW,2020,May,0,0,2020-05,1853
PW,2020,Nov,0,0,2020-11,1854
PW,2020,Oct,0,0,2020-10,1855
PW,2020,Sep,0,0,2020-09,1856
PW,2021,Apr,0,0,2021-04,1857
PW,2021,Aug,2,0,2021-08,1858
PW,2021,Dec,9,0,2021-12,1859
PW,2021,Feb,0,0,2021-02,1860
PW,2021,Jan,0,0,2021-01,1861
PW,2021,Jul,0,0,2021-07,1862
PW,2021,Jun,1,0,2021-06,1863
PW,2021,Mar,0,0,2021-03,1864
PW,2021,May,1,0,2021-05,1865
PW,2021,Nov,0,0,2021-11,1866
PW,2021,Oct,3,0,2021-10,1867
PW,2021,Sep,3,0,2021-09,1868
PW,2022,Apr,620,0,2022-04,1869
PW,2022,Aug,114,0,2022-08,1870
PW,2022,Dec,186,2,2022-12,1871
PW,2022,Feb,1705,6,2022-02,1872
PW,2022,Jan,2099,0,2022-01,1873
PW,2022,Jul,27,0,2022-07,1874
PW,2022,Jun,142,0,2022-06,1875
PW,2022,Mar,247,0,2022-03,1876
PW,2022,May,375,0,2022-05,1877
PW,2022,Nov,272,0,2022-11,1878
PW,2022,Oct,53,1,2022-10,1879
PW,2022,Sep,112,0,2022-09,1880
PW,2023,Apr,2,0,2023-04,1881
PW,2023,Feb,3,0,2023-02,1882
PW,2023,Jan,15,0,2023-01,1883
PW,2023,Mar,8,0,2023-03,1884
PW,2023,May,1,0,2023-05,1885
RI,2020,Apr,9641,375,2020-04,1886
RI,2020,Aug,2405,42,2020-08,1887
RI,2020,Dec,34081,509,2020-12,1888
RI,2020,Feb,2,0,2020-02,1889
RI,2020,Jan,0,0,2020-01,1890
RI,2020,Jul,2592,55,2020-07,1891
RI,2020,Jun,1572,202,2020-06,1892
RI,2020,Mar,646,12,2020-03,1893
RI,2020,May,4427,368,2020-05,1894
RI,2020,Nov,24474,177,2020-11,1895
RI,2020,Oct,10380,104,2020-10,1896
RI,2020,Sep,2684,62,2020-09,1897
RI,2021,Apr,10699,68,2021-04,1898
RI,2021,Aug,7558,29,2021-08,1899
RI,2021,Dec,64542,174,2021-12,1900
RI,2021,Feb,9620,329,2021-02,1901
RI,2021,Jan,19459,297,2021-01,1902
RI,2021,Jul,2819,13,2021-07,1903
RI,2021,Jun,577,15,2021-06,1904
RI,2021,Mar,9686,84,2021-03,1905
RI,2021,May,2318,30,2021-05,1906
RI,2021,Nov,12862,59,2021-11,1907
RI,2021,Oct,6401,29,2021-10,1908
RI,2021,Sep,10610,80,2021-09,1909
RI,2022,Apr,11659,18,2022-04,1910
RI,2022,Aug,6670,22,2022-08,1911
RI,2022,Dec,10064,51,2022-12,1912
RI,2022,Feb,8755,119,2022-02,1913
RI,2022,Jan,80516,256,2022-01,1914
RI,2022,Jul,7675,17,2022-07,1915
RI,2022,Jun,9791,33,2022-06,1916
RI,2022,Mar,6444,36,2022-03,1917
RI,2022,May,18142,38,2022-05,1918
RI,2022,Nov,4861,42,2022-11,1919
RI,2022,Oct,5619,26,2022-10,1920
RI,2022,Sep,8335,27,2022-09,1921
RI,2023,Apr,864,14,2023-04,1922
RI,2023,Feb,3245,29,2023-02,1923
RI,2023,Jan,6543,43,2023-01,1924
RI,2023,Mar,2043,31,2023-03,1925
RI,2023,May,185,0,2023-05,1926
RMI,2020,Apr,0,0,2020-04,1927
RMI,2020,Aug,0,0,2020-08,1928
RMI,2020,Dec,0,0,2020-12,1929
RMI,2020,Feb,0,0,2020-02,1930
RMI,2020,Jan,0,0,2020-01,1931
RMI,2020,Jul,0,0,2020-07,1932
RMI,2020,Jun,0,0,2020-06,1933
RMI,2020,Mar,0,0,2020-03,1934
RMI,2020,May,0,0,2020-05,1935
RMI,2020,Nov,3,0,2020-11,1936
RMI,2020,Oct,1,0,2020-10,1937
RMI,2020,Sep,0,0,2020-09,1938
RMI,2021,Apr,0,0,2021-04,1939
RMI,2021,Aug,0,0,2021-08,1940
RMI,2021,Dec,0,0,2021-12,1941
RMI,2021,Feb,0,0,2021-02,1942
RMI,2021,Jan,0,0,2021-01,1943
RMI,2021,Jul,0,0,2021-07,1944
RMI,2021,Jun,0,0,2021-06,1945
RMI,2021,Mar,0,0,2021-03,1946
RMI,2021,May,0,0,2021-05,1947
RMI,2021,Nov,0,0,2021-11,1948
RMI,2021,Oct,0,0,2021-10,1949
RMI,2021,Sep,0,0,2021-09,1950
RMI,2022,Apr,13,0,2022-04,1951
RMI,2022,Aug,14975,17,2022-08,1952
RMI,2022,Dec,3,0,2022-12,1953
RMI,2022,Feb,0,0,2022-02,1954
RMI,2022,Jan,0,0,2022-01,1955
RMI,2022,Jul,23,0,2022-07,1956
RMI,2022,Jun,27,0,2022-06,1957
RMI,2022,Mar,0,0,2022-03,1958
RMI,2022,May,0,0,2022-05,1959
RMI,2022,Nov,166,0,2022-11,1960
RMI,2022,Oct,70,0,2022-10,1961
RMI,2022,Sep,263,0,2022-09,1962
RMI,2023,Apr,68,0,2023-04,1963
RMI,2023,Feb,34,0,2023-02,1964
RMI,2023,Jan,40,0,2023-01,1965
RMI,2023,Mar,395,0,2023-03,1966
RMI,2023,May,0,0,2023-05,1967
SC,2020,Apr,5646,278,2020-04,1968
SC,2020,Aug,25035,900,2020-08,1969
SC,2020,Dec,112400,1138,2020-12,1970
SC,2020,Feb,0,0,2020-02,1971
SC,2020,Jan,0,0,2020-01,1972
SC,2020,Jul,57553,1129,2020-07,1973
SC,2020,Jun,25449,247,2020-06,1974
SC,2020,Mar,1293,26,2020-03,1975
SC,2020,May,5531,214,2020-05,1976
SC,2020,Nov,39966,461,2020-11,1977
SC,2020,Oct,32912,608,2020-10,1978
SC,2020,Sep,27450,582,2020-09,1979
SC,2021,Apr,30208,388,2021-04,1980
SC,2021,Aug,112431,754,2021-08,1981
SC,2021,Dec,99249,482,2021-12,1982
SC,2021,Feb,69202,1224,2021-02,1983
SC,2021,Jan,117559,1812,2021-01,1984
SC,2021,Jul,31390,120,2021-07,1985
SC,2021,Jun,3429,97,2021-06,1986
SC,2021,Mar,31635,526,2021-03,1987
SC,2021,May,11545,180,2021-05,1988
SC,2021,Nov,18718,433,2021-11,1989
SC,2021,Oct,30630,1016,2021-10,1990
SC,2021,Sep,129204,2100,2021-09,1991
SC,2022,Apr,7761,198,2022-04,1992
SC,2022,Aug,53160,55,2022-08,1993
SC,2022,Dec,42270,139,2022-12,1994
SC,2022,Feb,67140,1319,2022-02,1995
SC,2022,Jan,376216,894,2022-01,1996
SC,2022,Jul,60982,165,2022-07,1997
SC,2022,Jun,55172,136,2022-06,1998
SC,2022,Mar,7908,722,2022-03,1999
SC,2022,May,27507,59,2022-05,2000
SC,2022,Nov,13219,77,2022-11,2001
SC,2022,Oct,12879,243,2022-10,2002
SC,2022,Sep,38000,127,2022-09,2003
SC,2023,Apr,6348,157,2023-04,2004
SC,2023,Feb,20773,305,2023-02,2005
SC,2023,Jan,32309,377,2023-01,2006
SC,2023,Mar,10583,213,2023-03,2007
SC,2023,May,1357,22,2023-05,2008
SD,2020,Apr,2649,27,2020-04,2009
SD,2020,Aug,4853,32,2020-08,2010
SD,2020,Dec,19475,524,2020-12,2011
SD,2020,Feb,0,0,2020-02,2012
SD,2020,Jan,0,0,2020-01,2013
SD,2020,Jul,2325,44,2020-07,2014
SD,2020,Jun,1666,31,2020-06,2015
SD,2020,Mar,129,2,2020-03,2016
SD,2020,May,2382,33,2020-05,2017
SD,2020,Nov,32414,534,2020-11,2018
SD,2020,Oct,27400,237,2020-10,2019
SD,2020,Sep,8385,54,2020-09,2020
SD,2021,Apr,5312,42,2021-04,2021
SD,2021,Aug,7238,19,2021-08,2022
SD,2021,Dec,18144,158,2021-12,2023
SD,2021,Feb,4192,114,2021-02,2024
SD,2021,Jan,6960,260,2021-01,2025
SD,2021,Jul,1053,17,2021-07,2026
SD,2021,Jun,333,15,2021-06,2027
SD,2021,Mar,4926,41,2021-03,2028
SD,2021,May,1145,44,2021-05,2029
SD,2021,Nov,11017,97,2021-11,2030
SD,2021,Oct,9127,85,2021-10,2031
SD,2021,Sep,14159,97,2021-09,2032
SD,2022,Apr,941,21,2022-04,2033
SD,2022,Aug,5688,30,2022-08,2034
SD,2022,Dec,3567,25,2022-12,2035
SD,2022,Feb,7225,154,2022-02,2036
SD,2022,Jan,43608,152,2022-01,2037
SD,2022,Jul,6154,23,2022-07,2038
SD,2022,Jun,5352,12,2022-06,2039
SD,2022,Mar,1124,79,2022-03,2040
SD,2022,May,2171,15,2022-05,2041
SD,2022,Nov,3778,34,2022-11,2042
SD,2022,Oct,2807,32,2022-10,2043
SD,2022,Sep,4665,40,2022-09,2044
SD,2023,Apr,1235,15,2023-04,2045
SD,2023,Feb,3813,29,2023-02,2046
SD,2023,Jan,2312,28,2023-01,2047
SD,2023,Mar,2954,33,2023-03,2048
SD,2023,May,217,2,2023-05,2049
TN,2020,Apr,11316,238,2020-04,2050
TN,2020,Aug,43578,650,2020-08,2051
TN,2020,Dec,242424,2695,2020-12,2052
TN,2020,Feb,0,0,2020-02,2053
TN,2020,Jan,0,0,2020-01,2054
TN,2020,Jul,67508,535,2020-07,2055
TN,2020,Jun,20240,223,2020-06,2056
TN,2020,Mar,2625,0,2020-03,2057
TN,2020,May,10933,148,2020-05,2058
TN,2020,Nov,112816,1210,2020-11,2059
TN,2020,Oct,72918,1028,2020-10,2060
TN,2020,Sep,38264,658,2020-09,2061
TN,2021,Apr,39307,334,2021-04,2062
TN,2021,Aug,153774,760,2021-08,2063
TN,2021,Dec,174057,3678,2021-12,2064
TN,2021,Feb,44273,1410,2021-02,2065
TN,2021,Jan,105133,2643,2021-01,2066
TN,2021,Jul,43481,237,2021-07,2067
TN,2021,Jun,5834,121,2021-06,2068
TN,2021,Mar,34231,396,2021-03,2069
TN,2021,May,14181,208,2021-05,2070
TN,2021,Nov,35110,813,2021-11,2071
TN,2021,Oct,39373,981,2021-10,2072
TN,2021,Sep,181585,1948,2021-09,2073
TN,2022,Apr,11988,321,2022-04,2074
TN,2022,Aug,85873,400,2022-08,2075
TN,2022,Dec,51116,324,2022-12,2076
TN,2022,Feb,106125,1813,2022-02,2077
TN,2022,Jan,408964,1874,2022-01,2078
TN,2022,Jul,77608,326,2022-07,2079
TN,2022,Jun,72720,281,2022-06,2080
TN,2022,Mar,11622,1266,2022-03,2081
TN,2022,May,34052,288,2022-05,2082
TN,2022,Nov,26749,170,2022-11,2083
TN,2022,Oct,24416,256,2022-10,2084
TN,2022,Sep,42143,418,2022-09,2085
TN,2023,Apr,8953,88,2023-04,2086
TN,2023,Feb,30478,203,2023-02,2087
TN,2023,Jan,36283,383,2023-01,2088
TN,2023,Mar,18193,207,2023-03,2089
TN,2023,May,1919,17,2023-05,2090
TX,2020,Apr,25213,949,2020-04,2091
TX,2020,Aug,201986,4709,2020-08,2092
TX,2020,Dec,616746,7139,2020-12,2093
TX,2020,Feb,0,0,2020-02,2094
TX,2020,Jan,0,0,2020-01,2095
TX,2020,Jul,287276,5720,2020-07,2096
TX,2020,Jun,115914,944,2020-06,2097
TX,2020,Mar,3523,94,2020-03,2098
TX,2020,May,28410,834,2020-05,2099
TX,2020,Nov,310118,3654,2020-11,2100
TX,2020,Oct,169838,2795,2020-10,2101
TX,2020,Sep,122629,2837,2020-09,2102
TX,2021,Apr,114719,2124,2021-04,2103
TX,2021,Aug,427519,4192,2021-08,2104
TX,2021,Dec,664406,2198,2021-12,2105
TX,2021,Feb,214571,6229,2021-02,2106
TX,2021,Jan,504708,8946,2021-01,2107
TX,2021,Jul,299522,1092,2021-07,2108
TX,2021,Jun,46067,744,2021-06,2109
TX,2021,Mar,106947,3499,2021-03,2110
TX,2021,May,57896,1049,2021-05,2111
TX,2021,Nov,92325,2260,2021-11,2112
TX,2021,Oct,125359,4681,2021-10,2113
TX,2021,Sep,432964,9436,2021-09,2114
TX,2022,Apr,66885,531,2022-04,2115
TX,2022,Aug,243622,785,2022-08,2116
TX,2022,Dec,162484,523,2022-12,2117
TX,2022,Feb,277036,5038,2022-02,2118
TX,2022,Jan,1386375,4119,2022-01,2119
TX,2022,Jul,329655,645,2022-07,2120
TX,2022,Jun,293081,398,2022-06,2121
TX,2022,Mar,124343,2074,2022-03,2122
TX,2022,May,114572,228,2022-05,2123
TX,2022,Nov,60592,222,2022-11,2124
TX,2022,Oct,47635,343,2022-10,2125
TX,2022,Sep,150610,663,2022-09,2126
TX,2023,Apr,33495,257,2023-04,2127
TX,2023,Feb,73350,570,2023-02,2128
TX,2023,Jan,105490,766,2023-01,2129
TX,2023,Mar,64703,451,2023-03,2130
TX,2023,May,5620,42,2023-05,2131
UT,2020,Apr,4586,52,2020-04,2132
UT,2020,Aug,10554,92,2020-08,2133
UT,2020,Dec,91204,424,2020-12,2134
UT,2020,Feb,0,0,2020-02,2135
UT,2020,Jan,0,0,2020-01,2136
UT,2020,Jul,19575,148,2020-07,2137
UT,2020,Jun,12299,53,2020-06,2138
UT,2020,Mar,984,5,2020-03,2139
UT,2020,May,4929,58,2020-05,2140
UT,2020,Nov,81295,281,2020-11,2141
UT,2020,Oct,48974,170,2020-10,2142
UT,2020,Sep,20523,49,2020-09,2143
UT,2021,Apr,13347,96,2021-04,2144
UT,2021,Aug,29612,160,2021-08,2145
UT,2021,Dec,65270,322,2021-12,2146
UT,2021,Feb,22724,254,2021-02,2147
UT,2021,Jan,55029,368,2021-01,2148
UT,2021,Jul,21355,107,2021-07,2149
UT,2021,Jun,8653,64,2021-06,2150
UT,2021,Mar,12944,171,2021-03,2151
UT,2021,May,7511,85,2021-05,2152
UT,2021,Nov,41699,282,2021-11,2153
UT,2021,Oct,39707,290,2021-10,2154
UT,2021,Sep,50630,334,2021-09,2155
UT,2022,Apr,6070,31,2022-04,2156
UT,2022,Aug,14532,84,2022-08,2157
UT,2022,Dec,14977,79,2022-12,2158
UT,2022,Feb,31982,284,2022-02,2159
UT,2022,Jan,228394,291,2022-01,2160
UT,2022,Jul,26239,51,2022-07,2161
UT,2022,Jun,34959,53,2022-06,2162
UT,2022,Mar,5101,281,2022-03,2163
UT,2022,May,18515,28,2022-05,2164
UT,2022,Nov,14350,54,2022-11,2165
UT,2022,Oct,7484,34,2022-10,2166
UT,2022,Sep,10680,54,2022-09,2167
UT,2023,Apr,2609,30,2023-04,2168
UT,2023,Feb,6249,23,2023-02,2169
UT,2023,Jan,5666,64,2023-01,2170
UT,2023,Mar,5750,46,2023-03,2171
UT,2023,May,514,10,2023-05,2172
VA,2020,Apr,19504,702,2020-04,2173
VA,2020,Aug,27466,367,2020-08,2174
VA,2020,Dec,134847,1121,2020-12,2175
VA,2020,Feb,0,0,2020-02,2176
VA,2020,Jan,0,0,2020-01,2177
VA,2020,Jul,31839,494,2020-07,2178
VA,2020,Jun,16311,360,2020-06,2179
VA,2020,Mar,1483,34,2020-03,2180
VA,2020,May,25914,682,2020-05,2181
VA,2020,Nov,56626,431,2020-11,2182
VA,2020,Oct,37566,470,2020-10,2183
VA,2020,Sep,25753,566,2020-09,2184
VA,2021,Apr,44365,578,2021-04,2185
VA,2021,Aug,68790,324,2021-08,2186
VA,2021,Dec,215357,894,2021-12,2187
VA,2021,Feb,66488,2742,2021-02,2188
VA,2021,Jan,135990,1345,2021-01,2189
VA,2021,Jul,21142,162,2021-07,2190
VA,2021,Jun,4904,205,2021-06,2191
VA,2021,Mar,39005,926,2021-03,2192
VA,2021,May,11849,346,2021-05,2193
VA,2021,Nov,41112,699,2021-11,2194
VA,2021,Oct,48045,1041,2021-10,2195
VA,2021,Sep,112531,1130,2021-09,2196
VA,2022,Apr,38857,466,2022-04,2197
VA,2022,Aug,73027,429,2022-08,2198
VA,2022,Dec,62329,273,2022-12,2199
VA,2022,Feb,82538,2436,2022-02,2200
VA,2022,Jan,370261,785,2022-01,2201
VA,2022,Jul,83168,303,2022-07,2202
VA,2022,Jun,92830,305,2022-06,2203
VA,2022,Mar,31108,910,2022-03,2204
VA,2022,May,80210,142,2022-05,2205
VA,2022,Nov,27846,228,2022-11,2206
VA,2022,Oct,31373,304,2022-10,2207
VA,2022,Sep,51385,480,2022-09,2208
VA,2023,Apr,7259,38,2023-04,2209
VA,2023,Feb,26513,139,2023-02,2210
VA,2023,Jan,47927,448,2023-01,2211
VA,2023,Mar,15583,70,2023-03,2212
VA,2023,May,1745,7,2023-05,2213
VI,2020,Apr,36,4,2020-04,2214
VI,2020,Aug,663,7,2020-08,2215
VI,2020,Dec,517,1,2020-12,2216
VI,2020,Feb,0,0,2020-02,2217
VI,2020,Jan,0,0,2020-01,2218
VI,2020,Jul,391,2,2020-07,2219
VI,2020,Jun,20,0,2020-06,2220
VI,2020,Mar,30,0,2020-03,2221
VI,2020,May,4,2,2020-05,2222
VI,2020,Nov,201,0,2020-11,2223
VI,2020,Oct,70,3,2020-10,2224
VI,2020,Sep,174,5,2020-09,2225
VI,2021,Apr,271,1,2021-04,2226
VI,2021,Aug,1157,17,2021-08,2227
VI,2021,Dec,3646,2,2021-12,2228
VI,2021,Feb,255,1,2021-02,2229
VI,2021,Jan,334,0,2021-01,2230
VI,2021,Jul,898,9,2021-07,2231
VI,2021,Jun,340,2,2021-06,2232
VI,2021,Mar,212,1,2021-03,2233
VI,2021,May,361,1,2021-05,2234
VI,2021,Nov,263,5,2021-11,2235
VI,2021,Oct,366,10,2021-10,2236
VI,2021,Sep,951,16,2021-09,2237
VI,2022,Apr,1192,2,2022-04,2238
VI,2022,Aug,790,1,2022-08,2239
VI,2022,Dec,300,2,2022-12,2240
VI,2022,Feb,475,7,2022-02,2241
VI,2022,Jan,3775,13,2022-01,2242
VI,2022,Jul,899,3,2022-07,2243
VI,2022,Jun,1051,5,2022-06,2244
VI,2022,Mar,316,2,2022-03,2245
VI,2022,May,3053,0,2022-05,2246
VI,2022,Nov,153,1,2022-11,2247
VI,2022,Oct,169,1,2022-10,2248
VI,2022,Sep,487,1,2022-09,2249
VI,2023,Apr,50,1,2023-04,2250
VI,2023,Feb,216,1,2023-02,2251
VI,2023,Jan,738,2,2023-01,2252
VI,2023,Mar,112,0,2023-03,2253
VI,2023,May,58,0,2023-05,2254
VT,2020,Apr,662,44,2020-04,2255
VT,2020,Aug,187,0,2020-08,2256
VT,2020,Dec,3629,79,2020-12,2257
VT,2020,Feb,0,0,2020-02,2258
VT,2020,Jan,0,0,2020-01,2259
VT,2020,Jul,221,2,2020-07,2260
VT,2020,Jun,224,1,2020-06,2261
VT,2020,Mar,234,12,2020-03,2262
VT,2020,May,85,4,2020-05,2263
VT,2020,Nov,2013,14,2020-11,2264
VT,2020,Oct,467,0,2020-10,2265
VT,2020,Sep,134,0,2020-09,2266
VT,2021,Apr,4264,24,2021-04,2267
VT,2021,Aug,2962,17,2021-08,2268
VT,2021,Dec,17391,74,2021-12,2269
VT,2021,Feb,3211,28,2021-02,2270
VT,2021,Jan,4135,31,2021-01,2271
VT,2021,Jul,592,4,2021-07,2272
VT,2021,Jun,190,1,2021-06,2273
VT,2021,Mar,3670,18,2021-03,2274
VT,2021,May,1075,6,2021-05,2275
VT,2021,Nov,9325,37,2021-11,2276
VT,2021,Oct,6048,46,2021-10,2277
VT,2021,Sep,6248,53,2021-09,2278
VT,2022,Apr,7489,22,2022-04,2279
VT,2022,Aug,2031,23,2022-08,2280
VT,2022,Dec,2077,26,2022-12,2281
VT,2022,Feb,8098,64,2022-02,2282
VT,2022,Jan,37068,67,2022-01,2283
VT,2022,Jul,2064,14,2022-07,2284
VT,2022,Jun,3593,22,2022-06,2285
VT,2022,Mar,4834,28,2022-03,2286
VT,2022,May,7950,35,2022-05,2287
VT,2022,Nov,1384,32,2022-11,2288
VT,2022,Oct,2420,28,2022-10,2289
VT,2022,Sep,2709,22,2022-09,2290
VT,2023,Apr,528,17,2023-04,2291
VT,2023,Feb,1814,32,2023-02,2292
VT,2023,Jan,1808,21,2023-01,2293
VT,2023,Mar,1316,15,2023-03,2294
VT,2023,May,93,4,2023-05,2295
WA,2020,Apr,10184,601,2020-04,2296
WA,2020,Aug,15634,247,2020-08,2297
WA,2020,Dec,85606,798,2020-12,2298
WA,2020,Feb,44,10,2020-02,2299
WA,2020,Jan,1,0,2020-01,2300
WA,2020,Jul,26719,368,2020-07,2301
WA,2020,Jun,11340,170,2020-06,2302
WA,2020,Mar,6080,300,2020-03,2303
WA,2020,May,6348,228,2020-05,2304
WA,2020,Nov,61597,426,2020-11,2305
WA,2020,Oct,25702,280,2020-10,2306
WA,2020,Sep,12899,176,2020-09,2307
WA,2021,Apr,45330,254,2021-04,2308
WA,2021,Aug,84965,468,2021-08,2309
WA,2021,Dec,134811,608,2021-12,2310
WA,2021,Feb,25254,619,2021-02,2311
WA,2021,Jan,54672,783,2021-01,2312
WA,2021,Jul,34041,214,2021-07,2313
WA,2021,Jun,13726,233,2021-06,2314
WA,2021,Mar,22390,241,2021-03,2315
WA,2021,May,27737,197,2021-05,2316
WA,2021,Nov,43002,576,2021-11,2317
WA,2021,Oct,59173,809,2021-10,2318
WA,2021,Sep,106019,1304,2021-09,2319
WA,2022,Apr,45021,171,2022-04,2320
WA,2022,Aug,39395,335,2022-08,2321
WA,2022,Dec,29183,416,2022-12,2322
WA,2022,Feb,98558,1109,2022-02,2323
WA,2022,Jan,415946,936,2022-01,2324
WA,2022,Jul,66337,389,2022-07,2325
WA,2022,Jun,93133,357,2022-06,2326
WA,2022,Mar,37112,588,2022-03,2327
WA,2022,May,76303,231,2022-05,2328
WA,2022,Nov,21062,113,2022-11,2329
WA,2022,Oct,18384,226,2022-10,2330
WA,2022,Sep,35871,340,2022-09,2331
WA,2023,Apr,8894,190,2023-04,2332
WA,2023,Feb,19033,248,2023-02,2333
WA,2023,Jan,20554,314,2023-01,2334
WA,2023,Mar,18130,278,2023-03,2335
WA,2023,May,1569,35,2023-05,2336
WI,2020,Apr,7344,351,2020-04,2337
WI,2020,Aug,20192,185,2020-08,2338
WI,2020,Dec,115069,1731,2020-12,2339
WI,2020,Feb,0,0,2020-02,2340
WI,2020,Jan,0,0,2020-01,2341
WI,2020,Jul,27740,198,2020-07,2342
WI,2020,Jun,9802,152,2020-06,2343
WI,2020,Mar,1556,54,2020-03,2344
WI,2020,May,10499,262,2020-05,2345
WI,2020,Nov,163643,1237,2020-11,2346
WI,2020,Oct,135012,1064,2020-10,2347
WI,2020,Sep,45142,200,2020-09,2348
WI,2021,Apr,27627,286,2021-04,2349
WI,2021,Aug,44073,198,2021-08,2350
WI,2021,Dec,169821,1272,2021-12,2351
WI,2021,Feb,23331,574,2021-02,2352
WI,2021,Jan,59758,1058,2021-01,2353
WI,2021,Jul,14578,168,2021-07,2354
WI,2021,Jun,2946,235,2021-06,2355
WI,2021,Mar,16953,243,2021-03,2356
WI,2021,May,10998,298,2021-05,2357
WI,2021,Nov,93201,552,2021-11,2358
WI,2021,Oct,64748,525,2021-10,2359
WI,2021,Sep,92017,476,2021-09,2360
WI,2022,Apr,30032,106,2022-04,2361
WI,2022,Aug,45757,130,2022-08,2362
WI,2022,Dec,38430,227,2022-12,2363
WI,2022,Feb,47327,891,2022-02,2364
WI,2022,Jan,370058,1190,2022-01,2365
WI,2022,Jul,52522,120,2022-07,2366
WI,2022,Jun,56752,207,2022-06,2367
WI,2022,Mar,14556,934,2022-03,2368
WI,2022,May,59338,174,2022-05,2369
WI,2022,Nov,26401,130,2022-11,2370
WI,2022,Oct,28678,197,2022-10,2371
WI,2022,Sep,38966,210,2022-09,2372
WI,2023,Apr,8106,119,2023-04,2373
WI,2023,Feb,17449,200,2023-02,2374
WI,2023,Jan,19380,286,2023-01,2375
WI,2023,Mar,19391,150,2023-03,2376
WI,2023,May,1524,10,2023-05,2377
WV,2020,Apr,1049,48,2020-04,2378
WV,2020,Aug,3502,106,2020-08,2379
WV,2020,Dec,44776,702,2020-12,2380
WV,2020,Feb,0,0,2020-02,2381
WV,2020,Jan,0,0,2020-01,2382
WV,2020,Jul,4177,31,2020-07,2383
WV,2020,Jun,902,16,2020-06,2384
WV,2020,Mar,191,1,2020-03,2385
WV,2020,May,836,28,2020-05,2386
WV,2020,Nov,23917,307,2020-11,2387
WV,2020,Oct,10138,121,2020-10,2388
WV,2020,Sep,5193,121,2020-09,2389
WV,2021,Apr,13224,100,2021-04,2390
WV,2021,Aug,22823,149,2021-08,2391
WV,2021,Dec,46658,477,2021-12,2392
WV,2021,Feb,9888,244,2021-02,2393
WV,2021,Jan,27797,571,2021-01,2394
WV,2021,Jul,4290,66,2021-07,2395
WV,2021,Jun,2101,92,2021-06,2396
WV,2021,Mar,9372,310,2021-03,2397
WV,2021,May,6980,92,2021-05,2398
WV,2021,Nov,21439,405,2021-11,2399
WV,2021,Oct,26704,651,2021-10,2400
WV,2021,Sep,56650,734,2021-09,2401
WV,2022,Apr,3973,129,2022-04,2402
WV,2022,Aug,23371,117,2022-08,2403
WV,2022,Dec,12027,76,2022-12,2404
WV,2022,Feb,39142,564,2022-02,2405
WV,2022,Jan,109303,442,2022-01,2406
WV,2022,Jul,23519,100,2022-07,2407
WV,2022,Jun,19222,107,2022-06,2408
WV,2022,Mar,7167,365,2022-03,2409
WV,2022,May,14362,90,2022-05,2410
WV,2022,Nov,5994,77,2022-11,2411
WV,2022,Oct,6767,98,2022-10,2412
WV,2022,Sep,19219,150,2022-09,2413
WV,2023,Apr,2481,50,2023-04,2414
WV,2023,Feb,7004,97,2023-02,2415
WV,2023,Jan,8179,165,2023-01,2416
WV,2023,Mar,6025,118,2023-03,2417
WV,2023,May,194,8,2023-05,2418
WY,2020,Apr,442,7,2020-04,2419
WY,2020,Aug,1010,14,2020-08,2420
WY,2020,Dec,11189,226,2020-12,2421
WY,2020,Feb,0,0,2020-02,2422
WY,2020,Jan,0,0,2020-01,2423
WY,2020,Jul,1390,7,2020-07,2424
WY,2020,Jun,590,3,2020-06,2425
WY,2020,Mar,174,0,2020-03,2426
WY,2020,May,273,10,2020-05,2427
WY,2020,Nov,18871,135,2020-11,2428
WY,2020,Oct,9646,54,2020-10,2429
WY,2020,Sep,2111,9,2020-09,2430
WY,2021,Apr,2184,10,2021-04,2431
WY,2021,Aug,10273,72,2021-08,2432
WY,2021,Dec,7492,145,2021-12,2433
WY,2021,Feb,2533,58,2021-02,2434
WY,2021,Jan,6135,159,2021-01,2435
WY,2021,Jul,3678,39,2021-07,2436
WY,2021,Jun,1837,27,2021-06,2437
WY,2021,Mar,1746,18,2021-03,2438
WY,2021,May,1939,10,2021-05,2439
WY,2021,Nov,6875,184,2021-11,2440
WY,2021,Oct,11182,202,2021-10,2441
WY,2021,Sep,17082,183,2021-09,2442
WY,2022,Apr,705,18,2022-04,2443
WY,2022,Aug,3289,25,2022-08,2444
WY,2022,Dec,2027,20,2022-12,2445
WY,2022,Feb,6551,91,2022-02,2446
WY,2022,Jan,30564,78,2022-01,2447
WY,2022,Jul,5674,22,2022-07,2448
WY,2022,Jun,6074,14,2022-06,2449
WY,2022,Mar,954,55,2022-03,2450
WY,2022,May,2241,6,2022-05,2451
WY,2022,Nov,2269,24,2022-11,2452
WY,2022,Oct,1672,15,2022-10,2453
WY,2022,Sep,2379,18,2022-09,2454
WY,2023,Apr,542,11,2023-04,2455
WY,2023,Feb,1156,23,2023-02,2456
WY,2023,Jan,835,21,2023-01,2457
WY,2023,Mar,1084,18,2023-03,2458
WY,2023,May,366,0,2023-05,2459
